nn.dist,group,category
123.04964656999172,C3-on-C4,ODD-on-EVEN
142.2183201982073,C3-on-C4,ODD-on-EVEN
148.52422731662298,C3-on-C4,ODD-on-EVEN
137.54027991828437,C3-on-C4,ODD-on-EVEN
131.9343401090099,C3-on-C4,ODD-on-EVEN
162.19559705491386,C3-on-C4,ODD-on-EVEN
126.88326958271472,C3-on-C4,ODD-on-EVEN
157.4692185793792,C3-on-C4,ODD-on-EVEN
143.73290367901174,C3-on-C4,ODD-on-EVEN
148.28488594593884,C3-on-C4,ODD-on-EVEN
118.71548045642609,C3-on-C4,ODD-on-EVEN
111.48751409911408,C3-on-C4,ODD-on-EVEN
133.80702709499192,C3-on-C4,ODD-on-EVEN
170.76693678812615,C3-on-C4,ODD-on-EVEN
136.40646722204932,C3-on-C4,ODD-on-EVEN
140.04092651792823,C3-on-C4,ODD-on-EVEN
175.1332524108433,C3-on-C4,ODD-on-EVEN
163.91254192403952,C3-on-C4,ODD-on-EVEN
132.08128595679293,C3-on-C4,ODD-on-EVEN
130.00371879296372,C3-on-C4,ODD-on-EVEN
171.31145087238033,C3-on-C4,ODD-on-EVEN
154.41776096032442,C3-on-C4,ODD-on-EVEN
122.52106594378041,C3-on-C4,ODD-on-EVEN
155.60721480702622,C3-on-C4,ODD-on-EVEN
152.11521587270565,C3-on-C4,ODD-on-EVEN
122.56863057079421,C3-on-C4,ODD-on-EVEN
123.21286824029332,C3-on-C4,ODD-on-EVEN
128.70573608040982,C3-on-C4,ODD-on-EVEN
155.67437329245857,C3-on-C4,ODD-on-EVEN
160.30624722698772,C3-on-C4,ODD-on-EVEN
186.6074690247954,C3-on-C4,ODD-on-EVEN
140.3284739459545,C3-on-C4,ODD-on-EVEN
147.30189408150835,C3-on-C4,ODD-on-EVEN
158.36574629635027,C3-on-C4,ODD-on-EVEN
163.33045398822642,C3-on-C4,ODD-on-EVEN
149.09912441057455,C3-on-C4,ODD-on-EVEN
148.90831440856564,C3-on-C4,ODD-on-EVEN
135.74522348871156,C3-on-C4,ODD-on-EVEN
122.8887354479659,C3-on-C4,ODD-on-EVEN
31.852160052341993,C3-on-C4,ODD-on-EVEN
154.59824222804147,C3-on-C4,ODD-on-EVEN
134.05738510056054,C3-on-C4,ODD-on-EVEN
160.9692570048458,C3-on-C4,ODD-on-EVEN
159.36460397465922,C3-on-C4,ODD-on-EVEN
156.79931026634065,C3-on-C4,ODD-on-EVEN
127.47987213674162,C3-on-C4,ODD-on-EVEN
144.27735997030126,C3-on-C4,ODD-on-EVEN
139.99269302360142,C3-on-C4,ODD-on-EVEN
139.83720391941475,C3-on-C4,ODD-on-EVEN
123.98618673061894,C3-on-C4,ODD-on-EVEN
173.07604946959015,C3-on-C4,ODD-on-EVEN
131.9017952872511,C3-on-C4,ODD-on-EVEN
88.765284317686607,C3-on-C4,ODD-on-EVEN
141.42910202642256,C3-on-C4,ODD-on-EVEN
145.3650401575293,C3-on-C4,ODD-on-EVEN
114.26995449373439,C3-on-C4,ODD-on-EVEN
147.35923350777833,C3-on-C4,ODD-on-EVEN
145.99793320454933,C3-on-C4,ODD-on-EVEN
1145.9201910691686,C3-on-C4,ODD-on-EVEN
1130.864130734104,C3-on-C4,ODD-on-EVEN
118.9382163141851,C3-on-C4,ODD-on-EVEN
181.93297034897208,C3-on-C4,ODD-on-EVEN
108.4354319399334,C3-on-C4,ODD-on-EVEN
145.45202679921698,C3-on-C4,ODD-on-EVEN
126.96065926104848,C3-on-C4,ODD-on-EVEN
167.79664627161063,C3-on-C4,ODD-on-EVEN
204.95349643272792,C3-on-C4,ODD-on-EVEN
130.67389218967884,C3-on-C4,ODD-on-EVEN
139.55249549900498,C3-on-C4,ODD-on-EVEN
145.11651628949738,C3-on-C4,ODD-on-EVEN
165.52543671593196,C3-on-C4,ODD-on-EVEN
165.51863731918544,C3-on-C4,ODD-on-EVEN
129.52772869158196,C3-on-C4,ODD-on-EVEN
36.07873057633705,C3-on-C4,ODD-on-EVEN
1345.5957515167772,C3-on-C4,ODD-on-EVEN
126.21527562066414,C3-on-C4,ODD-on-EVEN
124.51071279211301,C3-on-C4,ODD-on-EVEN
140.61330129116527,C3-on-C4,ODD-on-EVEN
145.6359639649493,C3-on-C4,ODD-on-EVEN
140.83946676979414,C3-on-C4,ODD-on-EVEN
172.57955991368158,C3-on-C4,ODD-on-EVEN
112.7576684753635,C3-on-C4,ODD-on-EVEN
150.89320859468805,C3-on-C4,ODD-on-EVEN
679.0104806260367,C3-on-C4,ODD-on-EVEN
168.01213230002176,C3-on-C4,ODD-on-EVEN
110.24650788120192,C3-on-C4,ODD-on-EVEN
104.11766564805455,C3-on-C4,ODD-on-EVEN
145.77361455352622,C3-on-C4,ODD-on-EVEN
139.75451799494735,C3-on-C4,ODD-on-EVEN
134.09852124464203,C3-on-C4,ODD-on-EVEN
129.0799264022102,C3-on-C4,ODD-on-EVEN
144.29629690328213,C3-on-C4,ODD-on-EVEN
128.5289998405027,C3-on-C4,ODD-on-EVEN
136.67863219977008,C3-on-C4,ODD-on-EVEN
131.90208944516385,C3-on-C4,ODD-on-EVEN
127.98478425187956,C3-on-C4,ODD-on-EVEN
134.66795090146732,C3-on-C4,ODD-on-EVEN
139.2241433803791,C3-on-C4,ODD-on-EVEN
168.01662596302725,C3-on-C4,ODD-on-EVEN
188.05122865857572,C3-on-C4,ODD-on-EVEN
144.28985272707155,C3-on-C4,ODD-on-EVEN
144.68185407990876,C3-on-C4,ODD-on-EVEN
155.5691299712121,C3-on-C4,ODD-on-EVEN
115.67350431278567,C3-on-C4,ODD-on-EVEN
143.0555713700104,C3-on-C4,ODD-on-EVEN
156.2495801594364,C3-on-C4,ODD-on-EVEN
139.75055062503355,C3-on-C4,ODD-on-EVEN
174.40805830006823,C3-on-C4,ODD-on-EVEN
123.67731764555697,C3-on-C4,ODD-on-EVEN
150.3541958177408,C3-on-C4,ODD-on-EVEN
217.37267038199704,C3-on-C4,ODD-on-EVEN
153.165649869676,C3-on-C4,ODD-on-EVEN
1515.506523509549,C3-on-C4,ODD-on-EVEN
112.91652580557016,C3-on-C4,ODD-on-EVEN
132.1299776735015,C3-on-C4,ODD-on-EVEN
141.23838323911795,C3-on-C4,ODD-on-EVEN
181.59108265550927,C3-on-C4,ODD-on-EVEN
121.49365827070996,C3-on-C4,ODD-on-EVEN
172.22892846441323,C3-on-C4,ODD-on-EVEN
134.18044007976752,C3-on-C4,ODD-on-EVEN
154.76640979230558,C3-on-C4,ODD-on-EVEN
152.77412117240323,C3-on-C4,ODD-on-EVEN
116.69432976798832,C3-on-C4,ODD-on-EVEN
162.99615946395863,C3-on-C4,ODD-on-EVEN
148.53036625552352,C3-on-C4,ODD-on-EVEN
157.23105450260132,C3-on-C4,ODD-on-EVEN
169.201282501049,C3-on-C4,ODD-on-EVEN
191.38664974339238,C3-on-C4,ODD-on-EVEN
150.4682471486923,C3-on-C4,ODD-on-EVEN
127.42529301516223,C3-on-C4,ODD-on-EVEN
164.28366108654802,C3-on-C4,ODD-on-EVEN
103.72473186275293,C3-on-C4,ODD-on-EVEN
122.08379458388339,C3-on-C4,ODD-on-EVEN
170.8253055024343,C3-on-C4,ODD-on-EVEN
146.59145302506482,C3-on-C4,ODD-on-EVEN
137.29844682297002,C3-on-C4,ODD-on-EVEN
100.03314500704265,C3-on-C4,ODD-on-EVEN
168.08671214584476,C3-on-C4,ODD-on-EVEN
124.94529202815164,C3-on-C4,ODD-on-EVEN
127.36896089707385,C3-on-C4,ODD-on-EVEN
158.76211386851685,C3-on-C4,ODD-on-EVEN
123.61891643271944,C3-on-C4,ODD-on-EVEN
135.80909247911276,C3-on-C4,ODD-on-EVEN
141.6725245063417,C3-on-C4,ODD-on-EVEN
803.8171583140033,C3-on-C4,ODD-on-EVEN
171.26515290624673,C3-on-C4,ODD-on-EVEN
147.15041861985972,C3-on-C4,ODD-on-EVEN
116.20518318904764,C3-on-C4,ODD-on-EVEN
152.89885480277403,C3-on-C4,ODD-on-EVEN
147.32871851747018,C3-on-C4,ODD-on-EVEN
127.54905605295635,C3-on-C4,ODD-on-EVEN
110.05973150975773,C3-on-C4,ODD-on-EVEN
97.20733717163549,C3-on-C4,ODD-on-EVEN
123.27984141780958,C3-on-C4,ODD-on-EVEN
140.10977446274143,C3-on-C4,ODD-on-EVEN
132.47513917713027,C3-on-C4,ODD-on-EVEN
130.6233524298016,C3-on-C4,ODD-on-EVEN
151.77422837886564,C3-on-C4,ODD-on-EVEN
123.0934482415699,C3-on-C4,ODD-on-EVEN
114.59134565925999,C3-on-C4,ODD-on-EVEN
161.30389641915062,C3-on-C4,ODD-on-EVEN
114.56005717526467,C3-on-C4,ODD-on-EVEN
126.88329046805158,C3-on-C4,ODD-on-EVEN
116.58056270236361,C3-on-C4,ODD-on-EVEN
128.6435594967743,C3-on-C4,ODD-on-EVEN
117.61522690536373,C3-on-C4,ODD-on-EVEN
165.39225012073572,C3-on-C4,ODD-on-EVEN
134.84807859216914,C3-on-C4,ODD-on-EVEN
121.30880470930411,C3-on-C4,ODD-on-EVEN
145.3826213823371,C3-on-C4,ODD-on-EVEN
128.6638690542143,C3-on-C4,ODD-on-EVEN
140.7291480113484,C3-on-C4,ODD-on-EVEN
131.76311813250285,C3-on-C4,ODD-on-EVEN
155.17480626699657,C3-on-C4,ODD-on-EVEN
139.45334883035252,C3-on-C4,ODD-on-EVEN
125.47853083296653,C3-on-C4,ODD-on-EVEN
202.481021826738,C3-on-C4,ODD-on-EVEN
116.54038999419922,C3-on-C4,ODD-on-EVEN
155.85181583799374,C3-on-C4,ODD-on-EVEN
111.13640267707068,C3-on-C4,ODD-on-EVEN
173.7782345404623,C3-on-C4,ODD-on-EVEN
109.63775490222342,C3-on-C4,ODD-on-EVEN
176.3000363017555,C3-on-C4,ODD-on-EVEN
153.52533667118357,C3-on-C4,ODD-on-EVEN
139.76616972643998,C3-on-C4,ODD-on-EVEN
133.18834558624047,C3-on-C4,ODD-on-EVEN
135.08480632550825,C3-on-C4,ODD-on-EVEN
111.58679178110597,C3-on-C4,ODD-on-EVEN
147.97831327596612,C3-on-C4,ODD-on-EVEN
142.50504727903504,C3-on-C4,ODD-on-EVEN
141.28594586865313,C3-on-C4,ODD-on-EVEN
125.53411369026362,C3-on-C4,ODD-on-EVEN
110.12077823916795,C3-on-C4,ODD-on-EVEN
145.81606667305243,C3-on-C4,ODD-on-EVEN
150.4480259092813,C3-on-C4,ODD-on-EVEN
139.96150685099107,C3-on-C4,ODD-on-EVEN
158.36206774351024,C3-on-C4,ODD-on-EVEN
121.6824149168632,C3-on-C4,ODD-on-EVEN
148.47690763213086,C3-on-C4,ODD-on-EVEN
200.37243148696862,C3-on-C4,ODD-on-EVEN
122.45675889880475,C3-on-C4,ODD-on-EVEN
134.3128262676339,C3-on-C4,ODD-on-EVEN
147.35189343880174,C3-on-C4,ODD-on-EVEN
123.50523106330323,C3-on-C4,ODD-on-EVEN
187.87993852458047,C3-on-C4,ODD-on-EVEN
119.72638347498894,C3-on-C4,ODD-on-EVEN
137.76137702563844,C3-on-C4,ODD-on-EVEN
121.90678570120734,C3-on-C4,ODD-on-EVEN
141.57022391732,C3-on-C4,ODD-on-EVEN
145.20270624199816,C3-on-C4,ODD-on-EVEN
145.21322012819618,C3-on-C4,ODD-on-EVEN
148.28858250047418,C3-on-C4,ODD-on-EVEN
116.2178114576253,C3-on-C4,ODD-on-EVEN
163.6680995185074,C3-on-C4,ODD-on-EVEN
151.42377422320484,C3-on-C4,ODD-on-EVEN
158.19038845644187,C3-on-C4,ODD-on-EVEN
149.40039256976414,C3-on-C4,ODD-on-EVEN
144.54373040709874,C3-on-C4,ODD-on-EVEN
164.27448645483537,C3-on-C4,ODD-on-EVEN
161.40821602384432,C3-on-C4,ODD-on-EVEN
133.62188780285973,C3-on-C4,ODD-on-EVEN
159.6584870904133,C3-on-C4,ODD-on-EVEN
146.62604986836428,C3-on-C4,ODD-on-EVEN
147.6484127920102,C3-on-C4,ODD-on-EVEN
147.0599877600966,C3-on-C4,ODD-on-EVEN
145.09027879220642,C3-on-C4,ODD-on-EVEN
99.7705492617943,C3-on-C4,ODD-on-EVEN
102.5556731731605,C3-on-C4,ODD-on-EVEN
186.44690665173312,C3-on-C4,ODD-on-EVEN
136.84492573712828,C3-on-C4,ODD-on-EVEN
615.2339863824164,C3-on-C4,ODD-on-EVEN
142.32172321890957,C3-on-C4,ODD-on-EVEN
139.20073994056187,C3-on-C4,ODD-on-EVEN
107.18638812834345,C3-on-C4,ODD-on-EVEN
124.25017585500571,C3-on-C4,ODD-on-EVEN
116.39058939622088,C3-on-C4,ODD-on-EVEN
156.60116378877933,C3-on-C4,ODD-on-EVEN
115.21540782377991,C3-on-C4,ODD-on-EVEN
145.1636132093712,C3-on-C4,ODD-on-EVEN
157.13950903576105,C3-on-C4,ODD-on-EVEN
129.46263206037582,C3-on-C4,ODD-on-EVEN
138.5556227657334,C3-on-C4,ODD-on-EVEN
112.12136147942594,C3-on-C4,ODD-on-EVEN
148.87000537381627,C3-on-C4,ODD-on-EVEN
114.15956201737986,C3-on-C4,ODD-on-EVEN
174.13676579057082,C3-on-C4,ODD-on-EVEN
134.58046997986085,C3-on-C4,ODD-on-EVEN
112.22829812484947,C3-on-C4,ODD-on-EVEN
171.8562855993341,C3-on-C4,ODD-on-EVEN
148.18000742340408,C3-on-C4,ODD-on-EVEN
130.00916621530942,C3-on-C4,ODD-on-EVEN
168.27260799072423,C3-on-C4,ODD-on-EVEN
117.4656834994808,C3-on-C4,ODD-on-EVEN
125.75493986321217,C3-on-C4,ODD-on-EVEN
136.4885101391316,C3-on-C4,ODD-on-EVEN
121.33841848318296,C3-on-C4,ODD-on-EVEN
142.10644777771296,C3-on-C4,ODD-on-EVEN
182.87623273678693,C3-on-C4,ODD-on-EVEN
170.9904801443635,C3-on-C4,ODD-on-EVEN
146.8136018902882,C3-on-C4,ODD-on-EVEN
146.15325175992442,C3-on-C4,ODD-on-EVEN
149.24305712494674,C3-on-C4,ODD-on-EVEN
115.25233576808789,C3-on-C4,ODD-on-EVEN
112.28669778740526,C3-on-C4,ODD-on-EVEN
145.83264106502372,C3-on-C4,ODD-on-EVEN
162.34976840143634,C3-on-C4,ODD-on-EVEN
171.08908615104573,C3-on-C4,ODD-on-EVEN
127.64483890858992,C3-on-C4,ODD-on-EVEN
144.81368512678512,C3-on-C4,ODD-on-EVEN
125.99293035722287,C3-on-C4,ODD-on-EVEN
88.8725092477974,C3-on-C4,ODD-on-EVEN
109.58645217361526,C3-on-C4,ODD-on-EVEN
143.33618698709677,C3-on-C4,ODD-on-EVEN
803.4627122648574,C3-on-C4,ODD-on-EVEN
155.54135848705982,C3-on-C4,ODD-on-EVEN
150.87978989911207,C3-on-C4,ODD-on-EVEN
128.80935408579683,C3-on-C4,ODD-on-EVEN
127.3621945476759,C3-on-C4,ODD-on-EVEN
127.5645224974406,C3-on-C4,ODD-on-EVEN
128.37028082854704,C3-on-C4,ODD-on-EVEN
149.77674185266517,C3-on-C4,ODD-on-EVEN
166.61488078800127,C3-on-C4,ODD-on-EVEN
175.10905459170323,C3-on-C4,ODD-on-EVEN
142.6969835000037,C3-on-C4,ODD-on-EVEN
138.56113163510193,C3-on-C4,ODD-on-EVEN
123.22392868270369,C3-on-C4,ODD-on-EVEN
110.45765206630125,C3-on-C4,ODD-on-EVEN
153.93233935726468,C3-on-C4,ODD-on-EVEN
149.65687154287266,C3-on-C4,ODD-on-EVEN
169.57564388791232,C3-on-C4,ODD-on-EVEN
964.8153807853602,C3-on-C4,ODD-on-EVEN
152.56507201846705,C3-on-C4,ODD-on-EVEN
294.1102998876431,C3-on-C4,ODD-on-EVEN
138.32435251972095,C3-on-C4,ODD-on-EVEN
153.19234347708016,C3-on-C4,ODD-on-EVEN
114.50565051559681,C3-on-C4,ODD-on-EVEN
100.61227360516176,C3-on-C4,ODD-on-EVEN
131.34500066618412,C3-on-C4,ODD-on-EVEN
831.104353796802,C3-on-C4,ODD-on-EVEN
133.9047605576439,C3-on-C4,ODD-on-EVEN
131.51374300809707,C3-on-C4,ODD-on-EVEN
104.91264604422143,C3-on-C4,ODD-on-EVEN
117.87628811597303,C3-on-C4,ODD-on-EVEN
119.75882848458362,C3-on-C4,ODD-on-EVEN
114.24055059391179,C3-on-C4,ODD-on-EVEN
131.71733105404277,C3-on-C4,ODD-on-EVEN
123.04964656999172,C4-on-C3,EVEN-on-ODD
142.2183201982073,C4-on-C3,EVEN-on-ODD
148.52422731662298,C4-on-C3,EVEN-on-ODD
131.9343401090099,C4-on-C3,EVEN-on-ODD
137.54027991828437,C4-on-C3,EVEN-on-ODD
162.19559705491386,C4-on-C3,EVEN-on-ODD
126.88326958271472,C4-on-C3,EVEN-on-ODD
157.4692185793792,C4-on-C3,EVEN-on-ODD
143.73290367901174,C4-on-C3,EVEN-on-ODD
148.28488594593884,C4-on-C3,EVEN-on-ODD
118.71548045642609,C4-on-C3,EVEN-on-ODD
111.48751409911408,C4-on-C3,EVEN-on-ODD
133.80702709499192,C4-on-C3,EVEN-on-ODD
170.76693678812615,C4-on-C3,EVEN-on-ODD
136.40646722204932,C4-on-C3,EVEN-on-ODD
140.04092651792823,C4-on-C3,EVEN-on-ODD
175.1332524108433,C4-on-C3,EVEN-on-ODD
163.91254192403952,C4-on-C3,EVEN-on-ODD
288.9709668807577,C4-on-C3,EVEN-on-ODD
171.31145087238033,C4-on-C3,EVEN-on-ODD
132.08128595679293,C4-on-C3,EVEN-on-ODD
207.7161315353243,C4-on-C3,EVEN-on-ODD
130.00371879296372,C4-on-C3,EVEN-on-ODD
154.41776096032442,C4-on-C3,EVEN-on-ODD
122.52106594378041,C4-on-C3,EVEN-on-ODD
152.11521587270565,C4-on-C3,EVEN-on-ODD
155.60721480702622,C4-on-C3,EVEN-on-ODD
122.56863057079421,C4-on-C3,EVEN-on-ODD
123.21286824029332,C4-on-C3,EVEN-on-ODD
128.70573608040982,C4-on-C3,EVEN-on-ODD
155.67437329245857,C4-on-C3,EVEN-on-ODD
160.30624722698772,C4-on-C3,EVEN-on-ODD
147.30189408150835,C4-on-C3,EVEN-on-ODD
186.6074690247954,C4-on-C3,EVEN-on-ODD
140.3284739459545,C4-on-C3,EVEN-on-ODD
643.5047401534816,C4-on-C3,EVEN-on-ODD
158.36574629635027,C4-on-C3,EVEN-on-ODD
148.90831440856564,C4-on-C3,EVEN-on-ODD
163.33045398822642,C4-on-C3,EVEN-on-ODD
149.09912441057455,C4-on-C3,EVEN-on-ODD
135.74522348871156,C4-on-C3,EVEN-on-ODD
31.852160052341993,C4-on-C3,EVEN-on-ODD
154.59824222804147,C4-on-C3,EVEN-on-ODD
134.05738510056054,C4-on-C3,EVEN-on-ODD
122.8887354479659,C4-on-C3,EVEN-on-ODD
160.9692570048458,C4-on-C3,EVEN-on-ODD
159.36460397465922,C4-on-C3,EVEN-on-ODD
156.79931026634065,C4-on-C3,EVEN-on-ODD
127.47987213674162,C4-on-C3,EVEN-on-ODD
144.27735997030126,C4-on-C3,EVEN-on-ODD
894.1959217643525,C4-on-C3,EVEN-on-ODD
139.99269302360142,C4-on-C3,EVEN-on-ODD
139.83720391941475,C4-on-C3,EVEN-on-ODD
173.07604946959015,C4-on-C3,EVEN-on-ODD
123.98618673061894,C4-on-C3,EVEN-on-ODD
131.9017952872511,C4-on-C3,EVEN-on-ODD
88.765284317686607,C4-on-C3,EVEN-on-ODD
219.4524759486658,C4-on-C3,EVEN-on-ODD
141.42910202642256,C4-on-C3,EVEN-on-ODD
145.3650401575293,C4-on-C3,EVEN-on-ODD
118.9382163141851,C4-on-C3,EVEN-on-ODD
114.26995449373439,C4-on-C3,EVEN-on-ODD
147.35923350777833,C4-on-C3,EVEN-on-ODD
108.4354319399334,C4-on-C3,EVEN-on-ODD
145.99793320454933,C4-on-C3,EVEN-on-ODD
126.96065926104848,C4-on-C3,EVEN-on-ODD
181.93297034897208,C4-on-C3,EVEN-on-ODD
145.45202679921698,C4-on-C3,EVEN-on-ODD
167.79664627161063,C4-on-C3,EVEN-on-ODD
204.95349643272792,C4-on-C3,EVEN-on-ODD
145.11651628949738,C4-on-C3,EVEN-on-ODD
130.67389218967884,C4-on-C3,EVEN-on-ODD
139.55249549900498,C4-on-C3,EVEN-on-ODD
165.52543671593196,C4-on-C3,EVEN-on-ODD
165.51863731918544,C4-on-C3,EVEN-on-ODD
129.52772869158196,C4-on-C3,EVEN-on-ODD
36.07873057633705,C4-on-C3,EVEN-on-ODD
126.21527562066414,C4-on-C3,EVEN-on-ODD
124.51071279211301,C4-on-C3,EVEN-on-ODD
140.83946676979414,C4-on-C3,EVEN-on-ODD
140.61330129116527,C4-on-C3,EVEN-on-ODD
145.6359639649493,C4-on-C3,EVEN-on-ODD
150.89320859468805,C4-on-C3,EVEN-on-ODD
172.57955991368158,C4-on-C3,EVEN-on-ODD
112.7576684753635,C4-on-C3,EVEN-on-ODD
168.01213230002176,C4-on-C3,EVEN-on-ODD
110.24650788120192,C4-on-C3,EVEN-on-ODD
104.11766564805455,C4-on-C3,EVEN-on-ODD
321.9038521049423,C4-on-C3,EVEN-on-ODD
136.67863219977008,C4-on-C3,EVEN-on-ODD
145.77361455352622,C4-on-C3,EVEN-on-ODD
139.75451799494735,C4-on-C3,EVEN-on-ODD
134.09852124464203,C4-on-C3,EVEN-on-ODD
129.0799264022102,C4-on-C3,EVEN-on-ODD
144.29629690328213,C4-on-C3,EVEN-on-ODD
128.5289998405027,C4-on-C3,EVEN-on-ODD
131.90208944516385,C4-on-C3,EVEN-on-ODD
127.98478425187956,C4-on-C3,EVEN-on-ODD
134.66795090146732,C4-on-C3,EVEN-on-ODD
139.2241433803791,C4-on-C3,EVEN-on-ODD
168.01662596302725,C4-on-C3,EVEN-on-ODD
188.05122865857572,C4-on-C3,EVEN-on-ODD
144.28985272707155,C4-on-C3,EVEN-on-ODD
144.68185407990876,C4-on-C3,EVEN-on-ODD
115.67350431278567,C4-on-C3,EVEN-on-ODD
155.5691299712121,C4-on-C3,EVEN-on-ODD
174.40805830006823,C4-on-C3,EVEN-on-ODD
143.0555713700104,C4-on-C3,EVEN-on-ODD
156.2495801594364,C4-on-C3,EVEN-on-ODD
139.75055062503355,C4-on-C3,EVEN-on-ODD
112.91652580557016,C4-on-C3,EVEN-on-ODD
123.67731764555697,C4-on-C3,EVEN-on-ODD
132.1299776735015,C4-on-C3,EVEN-on-ODD
150.3541958177408,C4-on-C3,EVEN-on-ODD
217.37267038199704,C4-on-C3,EVEN-on-ODD
141.23838323911795,C4-on-C3,EVEN-on-ODD
153.165649869676,C4-on-C3,EVEN-on-ODD
154.76640979230558,C4-on-C3,EVEN-on-ODD
181.59108265550927,C4-on-C3,EVEN-on-ODD
121.49365827070996,C4-on-C3,EVEN-on-ODD
172.22892846441323,C4-on-C3,EVEN-on-ODD
148.53036625552352,C4-on-C3,EVEN-on-ODD
134.18044007976752,C4-on-C3,EVEN-on-ODD
152.77412117240323,C4-on-C3,EVEN-on-ODD
116.69432976798832,C4-on-C3,EVEN-on-ODD
162.99615946395863,C4-on-C3,EVEN-on-ODD
169.201282501049,C4-on-C3,EVEN-on-ODD
157.23105450260132,C4-on-C3,EVEN-on-ODD
191.38664974339238,C4-on-C3,EVEN-on-ODD
150.4682471486923,C4-on-C3,EVEN-on-ODD
164.28366108654802,C4-on-C3,EVEN-on-ODD
103.72473186275293,C4-on-C3,EVEN-on-ODD
122.08379458388339,C4-on-C3,EVEN-on-ODD
127.42529301516223,C4-on-C3,EVEN-on-ODD
170.8253055024343,C4-on-C3,EVEN-on-ODD
146.59145302506482,C4-on-C3,EVEN-on-ODD
137.29844682297002,C4-on-C3,EVEN-on-ODD
100.03314500704265,C4-on-C3,EVEN-on-ODD
168.08671214584476,C4-on-C3,EVEN-on-ODD
124.94529202815164,C4-on-C3,EVEN-on-ODD
158.76211386851685,C4-on-C3,EVEN-on-ODD
127.36896089707385,C4-on-C3,EVEN-on-ODD
123.61891643271944,C4-on-C3,EVEN-on-ODD
135.80909247911276,C4-on-C3,EVEN-on-ODD
147.15041861985972,C4-on-C3,EVEN-on-ODD
141.6725245063417,C4-on-C3,EVEN-on-ODD
116.20518318904764,C4-on-C3,EVEN-on-ODD
152.89885480277403,C4-on-C3,EVEN-on-ODD
147.32871851747018,C4-on-C3,EVEN-on-ODD
171.26515290624673,C4-on-C3,EVEN-on-ODD
960.7916220492352,C4-on-C3,EVEN-on-ODD
110.05973150975773,C4-on-C3,EVEN-on-ODD
127.54905605295635,C4-on-C3,EVEN-on-ODD
725.3759946400215,C4-on-C3,EVEN-on-ODD
130.6233524298016,C4-on-C3,EVEN-on-ODD
123.0934482415699,C4-on-C3,EVEN-on-ODD
97.20733717163549,C4-on-C3,EVEN-on-ODD
123.27984141780958,C4-on-C3,EVEN-on-ODD
140.10977446274143,C4-on-C3,EVEN-on-ODD
132.47513917713027,C4-on-C3,EVEN-on-ODD
151.77422837886564,C4-on-C3,EVEN-on-ODD
114.59134565925999,C4-on-C3,EVEN-on-ODD
161.30389641915062,C4-on-C3,EVEN-on-ODD
114.56005717526467,C4-on-C3,EVEN-on-ODD
126.88329046805158,C4-on-C3,EVEN-on-ODD
116.58056270236361,C4-on-C3,EVEN-on-ODD
128.6435594967743,C4-on-C3,EVEN-on-ODD
117.61522690536373,C4-on-C3,EVEN-on-ODD
165.39225012073572,C4-on-C3,EVEN-on-ODD
134.84807859216914,C4-on-C3,EVEN-on-ODD
121.30880470930411,C4-on-C3,EVEN-on-ODD
140.7291480113484,C4-on-C3,EVEN-on-ODD
145.3826213823371,C4-on-C3,EVEN-on-ODD
128.6638690542143,C4-on-C3,EVEN-on-ODD
1672.805571427833,C4-on-C3,EVEN-on-ODD
131.76311813250285,C4-on-C3,EVEN-on-ODD
116.54038999419922,C4-on-C3,EVEN-on-ODD
155.85181583799374,C4-on-C3,EVEN-on-ODD
155.17480626699657,C4-on-C3,EVEN-on-ODD
173.7782345404623,C4-on-C3,EVEN-on-ODD
139.45334883035252,C4-on-C3,EVEN-on-ODD
125.47853083296653,C4-on-C3,EVEN-on-ODD
202.481021826738,C4-on-C3,EVEN-on-ODD
111.13640267707068,C4-on-C3,EVEN-on-ODD
109.63775490222342,C4-on-C3,EVEN-on-ODD
302.0613513841188,C4-on-C3,EVEN-on-ODD
176.3000363017555,C4-on-C3,EVEN-on-ODD
728.5487530701026,C4-on-C3,EVEN-on-ODD
139.76616972643998,C4-on-C3,EVEN-on-ODD
153.52533667118357,C4-on-C3,EVEN-on-ODD
133.18834558624047,C4-on-C3,EVEN-on-ODD
135.08480632550825,C4-on-C3,EVEN-on-ODD
142.50504727903504,C4-on-C3,EVEN-on-ODD
141.28594586865313,C4-on-C3,EVEN-on-ODD
125.53411369026362,C4-on-C3,EVEN-on-ODD
147.97831327596612,C4-on-C3,EVEN-on-ODD
111.58679178110597,C4-on-C3,EVEN-on-ODD
110.12077823916795,C4-on-C3,EVEN-on-ODD
145.81606667305243,C4-on-C3,EVEN-on-ODD
150.4480259092813,C4-on-C3,EVEN-on-ODD
139.96150685099107,C4-on-C3,EVEN-on-ODD
123.50523106330323,C4-on-C3,EVEN-on-ODD
158.36206774351024,C4-on-C3,EVEN-on-ODD
121.6824149168632,C4-on-C3,EVEN-on-ODD
137.76137702563844,C4-on-C3,EVEN-on-ODD
148.47690763213086,C4-on-C3,EVEN-on-ODD
200.37243148696862,C4-on-C3,EVEN-on-ODD
122.45675889880475,C4-on-C3,EVEN-on-ODD
134.3128262676339,C4-on-C3,EVEN-on-ODD
147.35189343880174,C4-on-C3,EVEN-on-ODD
187.87993852458047,C4-on-C3,EVEN-on-ODD
145.21322012819618,C4-on-C3,EVEN-on-ODD
119.72638347498894,C4-on-C3,EVEN-on-ODD
121.90678570120734,C4-on-C3,EVEN-on-ODD
141.57022391732,C4-on-C3,EVEN-on-ODD
145.20270624199816,C4-on-C3,EVEN-on-ODD
148.28858250047418,C4-on-C3,EVEN-on-ODD
116.2178114576253,C4-on-C3,EVEN-on-ODD
144.54373040709874,C4-on-C3,EVEN-on-ODD
163.6680995185074,C4-on-C3,EVEN-on-ODD
151.42377422320484,C4-on-C3,EVEN-on-ODD
158.19038845644187,C4-on-C3,EVEN-on-ODD
149.40039256976414,C4-on-C3,EVEN-on-ODD
161.40821602384432,C4-on-C3,EVEN-on-ODD
696.0441044215517,C4-on-C3,EVEN-on-ODD
146.62604986836428,C4-on-C3,EVEN-on-ODD
164.27448645483537,C4-on-C3,EVEN-on-ODD
133.62188780285973,C4-on-C3,EVEN-on-ODD
147.6484127920102,C4-on-C3,EVEN-on-ODD
159.6584870904133,C4-on-C3,EVEN-on-ODD
147.0599877600966,C4-on-C3,EVEN-on-ODD
136.84492573712828,C4-on-C3,EVEN-on-ODD
145.09027879220642,C4-on-C3,EVEN-on-ODD
99.7705492617943,C4-on-C3,EVEN-on-ODD
102.5556731731605,C4-on-C3,EVEN-on-ODD
139.20073994056187,C4-on-C3,EVEN-on-ODD
186.44690665173312,C4-on-C3,EVEN-on-ODD
107.18638812834345,C4-on-C3,EVEN-on-ODD
124.25017585500571,C4-on-C3,EVEN-on-ODD
115.21540782377991,C4-on-C3,EVEN-on-ODD
145.1636132093712,C4-on-C3,EVEN-on-ODD
157.13950903576105,C4-on-C3,EVEN-on-ODD
129.46263206037582,C4-on-C3,EVEN-on-ODD
611.5314153827268,C4-on-C3,EVEN-on-ODD
142.32172321890957,C4-on-C3,EVEN-on-ODD
116.39058939622088,C4-on-C3,EVEN-on-ODD
156.60116378877933,C4-on-C3,EVEN-on-ODD
138.5556227657334,C4-on-C3,EVEN-on-ODD
114.15956201737986,C4-on-C3,EVEN-on-ODD
112.12136147942594,C4-on-C3,EVEN-on-ODD
148.87000537381627,C4-on-C3,EVEN-on-ODD
171.8562855993341,C4-on-C3,EVEN-on-ODD
148.18000742340408,C4-on-C3,EVEN-on-ODD
174.13676579057082,C4-on-C3,EVEN-on-ODD
134.58046997986085,C4-on-C3,EVEN-on-ODD
112.22829812484947,C4-on-C3,EVEN-on-ODD
117.4656834994808,C4-on-C3,EVEN-on-ODD
121.33841848318296,C4-on-C3,EVEN-on-ODD
130.00916621530942,C4-on-C3,EVEN-on-ODD
168.27260799072423,C4-on-C3,EVEN-on-ODD
142.10644777771296,C4-on-C3,EVEN-on-ODD
125.75493986321217,C4-on-C3,EVEN-on-ODD
182.87623273678693,C4-on-C3,EVEN-on-ODD
136.4885101391316,C4-on-C3,EVEN-on-ODD
170.9904801443635,C4-on-C3,EVEN-on-ODD
146.8136018902882,C4-on-C3,EVEN-on-ODD
146.15325175992442,C4-on-C3,EVEN-on-ODD
149.24305712494674,C4-on-C3,EVEN-on-ODD
115.25233576808789,C4-on-C3,EVEN-on-ODD
112.28669778740526,C4-on-C3,EVEN-on-ODD
145.83264106502372,C4-on-C3,EVEN-on-ODD
162.34976840143634,C4-on-C3,EVEN-on-ODD
144.81368512678512,C4-on-C3,EVEN-on-ODD
171.08908615104573,C4-on-C3,EVEN-on-ODD
127.64483890858992,C4-on-C3,EVEN-on-ODD
125.99293035722287,C4-on-C3,EVEN-on-ODD
88.8725092477974,C4-on-C3,EVEN-on-ODD
109.58645217361526,C4-on-C3,EVEN-on-ODD
143.33618698709677,C4-on-C3,EVEN-on-ODD
127.3621945476759,C4-on-C3,EVEN-on-ODD
155.54135848705982,C4-on-C3,EVEN-on-ODD
150.87978989911207,C4-on-C3,EVEN-on-ODD
128.80935408579683,C4-on-C3,EVEN-on-ODD
127.5645224974406,C4-on-C3,EVEN-on-ODD
149.77674185266517,C4-on-C3,EVEN-on-ODD
128.37028082854704,C4-on-C3,EVEN-on-ODD
138.56113163510193,C4-on-C3,EVEN-on-ODD
166.61488078800127,C4-on-C3,EVEN-on-ODD
175.10905459170323,C4-on-C3,EVEN-on-ODD
142.6969835000037,C4-on-C3,EVEN-on-ODD
123.22392868270369,C4-on-C3,EVEN-on-ODD
110.45765206630125,C4-on-C3,EVEN-on-ODD
169.57564388791232,C4-on-C3,EVEN-on-ODD
153.93233935726468,C4-on-C3,EVEN-on-ODD
149.65687154287266,C4-on-C3,EVEN-on-ODD
152.56507201846705,C4-on-C3,EVEN-on-ODD
294.1102998876431,C4-on-C3,EVEN-on-ODD
138.32435251972095,C4-on-C3,EVEN-on-ODD
153.19234347708016,C4-on-C3,EVEN-on-ODD
114.50565051559681,C4-on-C3,EVEN-on-ODD
100.61227360516176,C4-on-C3,EVEN-on-ODD
131.34500066618412,C4-on-C3,EVEN-on-ODD
831.104353796802,C4-on-C3,EVEN-on-ODD
133.9047605576439,C4-on-C3,EVEN-on-ODD
131.51374300809707,C4-on-C3,EVEN-on-ODD
104.91264604422143,C4-on-C3,EVEN-on-ODD
119.75882848458362,C4-on-C3,EVEN-on-ODD
117.87628811597303,C4-on-C3,EVEN-on-ODD
114.24055059391179,C4-on-C3,EVEN-on-ODD
131.71733105404277,C4-on-C3,EVEN-on-ODD
194.77453658011868,C3-on-C4,ODD-on-EVEN
196.3771911598697,C3-on-C4,ODD-on-EVEN
156.52885995879512,C3-on-C4,ODD-on-EVEN
214.18623435468484,C3-on-C4,ODD-on-EVEN
149.6978650482363,C3-on-C4,ODD-on-EVEN
153.05335703603498,C3-on-C4,ODD-on-EVEN
149.7157530121656,C3-on-C4,ODD-on-EVEN
136.24679262279918,C3-on-C4,ODD-on-EVEN
186.69623268828985,C3-on-C4,ODD-on-EVEN
147.53360634106392,C3-on-C4,ODD-on-EVEN
128.54498589987918,C3-on-C4,ODD-on-EVEN
158.2893312892566,C3-on-C4,ODD-on-EVEN
48.844819926067615,C3-on-C4,ODD-on-EVEN
37.852432571896514,C3-on-C4,ODD-on-EVEN
155.97491240580962,C3-on-C4,ODD-on-EVEN
162.93606015857904,C3-on-C4,ODD-on-EVEN
169.58327777230866,C3-on-C4,ODD-on-EVEN
115.26693237871888,C3-on-C4,ODD-on-EVEN
153.38579569503813,C3-on-C4,ODD-on-EVEN
154.98345008419412,C3-on-C4,ODD-on-EVEN
125.43571461111097,C3-on-C4,ODD-on-EVEN
139.7562231172551,C3-on-C4,ODD-on-EVEN
138.2278499434901,C3-on-C4,ODD-on-EVEN
140.23753634458885,C3-on-C4,ODD-on-EVEN
141.33936252863143,C3-on-C4,ODD-on-EVEN
143.62711652052343,C3-on-C4,ODD-on-EVEN
177.93097790997498,C3-on-C4,ODD-on-EVEN
138.04835239871548,C3-on-C4,ODD-on-EVEN
145.18026071060814,C3-on-C4,ODD-on-EVEN
148.30623385414356,C3-on-C4,ODD-on-EVEN
176.07395889227874,C3-on-C4,ODD-on-EVEN
161.88814348185,C3-on-C4,ODD-on-EVEN
623.2156503971961,C3-on-C4,ODD-on-EVEN
155.5020067394625,C3-on-C4,ODD-on-EVEN
147.89837693497515,C3-on-C4,ODD-on-EVEN
122.4400016334532,C3-on-C4,ODD-on-EVEN
904.823424586809,C3-on-C4,ODD-on-EVEN
139.62210426719676,C3-on-C4,ODD-on-EVEN
162.86226941805728,C3-on-C4,ODD-on-EVEN
114.00378151622851,C3-on-C4,ODD-on-EVEN
130.98838832507275,C3-on-C4,ODD-on-EVEN
1949.3650117923016,C3-on-C4,ODD-on-EVEN
175.61160226821573,C3-on-C4,ODD-on-EVEN
166.7786623042648,C3-on-C4,ODD-on-EVEN
147.88351970385344,C3-on-C4,ODD-on-EVEN
129.83125278607017,C3-on-C4,ODD-on-EVEN
150.67884556234102,C3-on-C4,ODD-on-EVEN
125.21614352790112,C3-on-C4,ODD-on-EVEN
108.86213069750212,C3-on-C4,ODD-on-EVEN
145.3361544833219,C3-on-C4,ODD-on-EVEN
162.5051796097588,C3-on-C4,ODD-on-EVEN
215.00248068336325,C3-on-C4,ODD-on-EVEN
180.48536117923788,C3-on-C4,ODD-on-EVEN
154.71855771044372,C3-on-C4,ODD-on-EVEN
148.76348644744832,C3-on-C4,ODD-on-EVEN
147.6985798848453,C3-on-C4,ODD-on-EVEN
182.688126872,C3-on-C4,ODD-on-EVEN
165.01074783176983,C3-on-C4,ODD-on-EVEN
149.59183433596777,C3-on-C4,ODD-on-EVEN
118.645099350964,C3-on-C4,ODD-on-EVEN
117.33911581395171,C3-on-C4,ODD-on-EVEN
128.44414505924334,C3-on-C4,ODD-on-EVEN
136.97466773093544,C3-on-C4,ODD-on-EVEN
173.737033760796,C3-on-C4,ODD-on-EVEN
59.800269086016826,C3-on-C4,ODD-on-EVEN
115.12050208368714,C3-on-C4,ODD-on-EVEN
117.98948300590162,C3-on-C4,ODD-on-EVEN
194.77453658011868,C4-on-C3,EVEN-on-ODD
196.3771911598697,C4-on-C3,EVEN-on-ODD
156.52885995879512,C4-on-C3,EVEN-on-ODD
214.18623435468484,C4-on-C3,EVEN-on-ODD
149.6978650482363,C4-on-C3,EVEN-on-ODD
153.05335703603498,C4-on-C3,EVEN-on-ODD
149.7157530121656,C4-on-C3,EVEN-on-ODD
136.24679262279918,C4-on-C3,EVEN-on-ODD
186.69623268828985,C4-on-C3,EVEN-on-ODD
128.54498589987918,C4-on-C3,EVEN-on-ODD
147.53360634106392,C4-on-C3,EVEN-on-ODD
158.2893312892566,C4-on-C3,EVEN-on-ODD
37.852432571896514,C4-on-C3,EVEN-on-ODD
48.844819926067615,C4-on-C3,EVEN-on-ODD
155.97491240580962,C4-on-C3,EVEN-on-ODD
162.93606015857904,C4-on-C3,EVEN-on-ODD
169.58327777230866,C4-on-C3,EVEN-on-ODD
115.26693237871888,C4-on-C3,EVEN-on-ODD
153.38579569503813,C4-on-C3,EVEN-on-ODD
154.98345008419412,C4-on-C3,EVEN-on-ODD
139.7562231172551,C4-on-C3,EVEN-on-ODD
125.43571461111097,C4-on-C3,EVEN-on-ODD
138.2278499434901,C4-on-C3,EVEN-on-ODD
140.23753634458885,C4-on-C3,EVEN-on-ODD
141.33936252863143,C4-on-C3,EVEN-on-ODD
177.93097790997498,C4-on-C3,EVEN-on-ODD
143.62711652052343,C4-on-C3,EVEN-on-ODD
138.04835239871548,C4-on-C3,EVEN-on-ODD
145.18026071060814,C4-on-C3,EVEN-on-ODD
148.30623385414356,C4-on-C3,EVEN-on-ODD
176.07395889227874,C4-on-C3,EVEN-on-ODD
161.88814348185,C4-on-C3,EVEN-on-ODD
623.2156503971961,C4-on-C3,EVEN-on-ODD
155.5020067394625,C4-on-C3,EVEN-on-ODD
147.89837693497515,C4-on-C3,EVEN-on-ODD
122.4400016334532,C4-on-C3,EVEN-on-ODD
139.62210426719676,C4-on-C3,EVEN-on-ODD
162.86226941805728,C4-on-C3,EVEN-on-ODD
114.00378151622851,C4-on-C3,EVEN-on-ODD
130.98838832507275,C4-on-C3,EVEN-on-ODD
175.61160226821573,C4-on-C3,EVEN-on-ODD
166.7786623042648,C4-on-C3,EVEN-on-ODD
4608.381662774906,C4-on-C3,EVEN-on-ODD
1681.137781057816,C4-on-C3,EVEN-on-ODD
147.88351970385344,C4-on-C3,EVEN-on-ODD
129.83125278607017,C4-on-C3,EVEN-on-ODD
150.67884556234102,C4-on-C3,EVEN-on-ODD
125.21614352790112,C4-on-C3,EVEN-on-ODD
108.86213069750212,C4-on-C3,EVEN-on-ODD
145.3361544833219,C4-on-C3,EVEN-on-ODD
2819.538895628886,C4-on-C3,EVEN-on-ODD
162.5051796097588,C4-on-C3,EVEN-on-ODD
215.00248068336325,C4-on-C3,EVEN-on-ODD
180.48536117923788,C4-on-C3,EVEN-on-ODD
154.71855771044372,C4-on-C3,EVEN-on-ODD
148.76348644744832,C4-on-C3,EVEN-on-ODD
147.6985798848453,C4-on-C3,EVEN-on-ODD
182.688126872,C4-on-C3,EVEN-on-ODD
149.59183433596777,C4-on-C3,EVEN-on-ODD
165.01074783176983,C4-on-C3,EVEN-on-ODD
118.645099350964,C4-on-C3,EVEN-on-ODD
117.33911581395171,C4-on-C3,EVEN-on-ODD
128.44414505924334,C4-on-C3,EVEN-on-ODD
136.97466773093544,C4-on-C3,EVEN-on-ODD
173.737033760796,C4-on-C3,EVEN-on-ODD
59.800269086016826,C4-on-C3,EVEN-on-ODD
115.12050208368714,C4-on-C3,EVEN-on-ODD
117.98948300590162,C4-on-C3,EVEN-on-ODD
146.16189031686733,C3-on-C4,ODD-on-EVEN
145.47435419688213,C3-on-C4,ODD-on-EVEN
161.90357756701928,C3-on-C4,ODD-on-EVEN
173.95441426994563,C3-on-C4,ODD-on-EVEN
152.88675750698633,C3-on-C4,ODD-on-EVEN
76.34213892733177,C3-on-C4,ODD-on-EVEN
129.35174242738296,C3-on-C4,ODD-on-EVEN
167.73080974585415,C3-on-C4,ODD-on-EVEN
174.84915567711525,C3-on-C4,ODD-on-EVEN
182.70515161045705,C3-on-C4,ODD-on-EVEN
141.39713365199484,C3-on-C4,ODD-on-EVEN
145.9916194992027,C3-on-C4,ODD-on-EVEN
143.24483880405606,C3-on-C4,ODD-on-EVEN
127.19536351612811,C3-on-C4,ODD-on-EVEN
150.24466451757962,C3-on-C4,ODD-on-EVEN
139.59305605938997,C3-on-C4,ODD-on-EVEN
145.33050918509838,C3-on-C4,ODD-on-EVEN
125.83393262550457,C3-on-C4,ODD-on-EVEN
195.16241057129858,C3-on-C4,ODD-on-EVEN
152.89840017475657,C3-on-C4,ODD-on-EVEN
1480.5538741444022,C3-on-C4,ODD-on-EVEN
133.33727010854832,C3-on-C4,ODD-on-EVEN
116.31726011216064,C3-on-C4,ODD-on-EVEN
191.8353932411833,C3-on-C4,ODD-on-EVEN
106.63794184529287,C3-on-C4,ODD-on-EVEN
148.35416172119977,C3-on-C4,ODD-on-EVEN
155.41580421565862,C3-on-C4,ODD-on-EVEN
131.7640713548268,C3-on-C4,ODD-on-EVEN
136.06370750497788,C3-on-C4,ODD-on-EVEN
157.02634492339158,C3-on-C4,ODD-on-EVEN
111.3982342768509,C3-on-C4,ODD-on-EVEN
188.39489085429054,C3-on-C4,ODD-on-EVEN
150.9414949574842,C3-on-C4,ODD-on-EVEN
114.60085427255757,C3-on-C4,ODD-on-EVEN
155.05558777419122,C3-on-C4,ODD-on-EVEN
148.04606580385592,C3-on-C4,ODD-on-EVEN
125.44996014347724,C3-on-C4,ODD-on-EVEN
144.36898732068423,C3-on-C4,ODD-on-EVEN
118.33058311357999,C3-on-C4,ODD-on-EVEN
123.64810754718435,C3-on-C4,ODD-on-EVEN
113.78441783587928,C3-on-C4,ODD-on-EVEN
120.42046088601366,C3-on-C4,ODD-on-EVEN
156.66450619077656,C3-on-C4,ODD-on-EVEN
133.69529086695613,C3-on-C4,ODD-on-EVEN
160.6647937446161,C3-on-C4,ODD-on-EVEN
120.23345374728278,C3-on-C4,ODD-on-EVEN
166.05498482129332,C3-on-C4,ODD-on-EVEN
146.9237533552692,C3-on-C4,ODD-on-EVEN
2223.097927892516,C3-on-C4,ODD-on-EVEN
152.5813176637283,C3-on-C4,ODD-on-EVEN
161.66298617803702,C3-on-C4,ODD-on-EVEN
140.79154449042682,C3-on-C4,ODD-on-EVEN
192.47719916914858,C3-on-C4,ODD-on-EVEN
87.34764290832332,C3-on-C4,ODD-on-EVEN
157.54752045018083,C3-on-C4,ODD-on-EVEN
128.5288923977794,C3-on-C4,ODD-on-EVEN
145.1410985903029,C3-on-C4,ODD-on-EVEN
153.71182550474148,C3-on-C4,ODD-on-EVEN
151.4642878701114,C3-on-C4,ODD-on-EVEN
121.18737558013333,C3-on-C4,ODD-on-EVEN
132.36160319367445,C3-on-C4,ODD-on-EVEN
184.13928939799882,C3-on-C4,ODD-on-EVEN
137.11026402133453,C3-on-C4,ODD-on-EVEN
166.22527786110163,C3-on-C4,ODD-on-EVEN
1336.4210908242965,C3-on-C4,ODD-on-EVEN
92.50521336659844,C3-on-C4,ODD-on-EVEN
132.67258081457564,C3-on-C4,ODD-on-EVEN
151.61913599542828,C3-on-C4,ODD-on-EVEN
95.13637177525744,C3-on-C4,ODD-on-EVEN
130.59026616421312,C3-on-C4,ODD-on-EVEN
151.15258846609382,C3-on-C4,ODD-on-EVEN
170.29506082385365,C3-on-C4,ODD-on-EVEN
142.17197086627164,C3-on-C4,ODD-on-EVEN
170.99023363923422,C3-on-C4,ODD-on-EVEN
2258.69286176762,C3-on-C4,ODD-on-EVEN
240.0745107253163,C3-on-C4,ODD-on-EVEN
162.72778435165873,C3-on-C4,ODD-on-EVEN
139.78158462401225,C3-on-C4,ODD-on-EVEN
142.83625900873344,C3-on-C4,ODD-on-EVEN
159.36692379537237,C3-on-C4,ODD-on-EVEN
149.0039640412295,C3-on-C4,ODD-on-EVEN
132.28785280591717,C3-on-C4,ODD-on-EVEN
119.31512016504885,C3-on-C4,ODD-on-EVEN
148.8612662850884,C3-on-C4,ODD-on-EVEN
109.49255773795807,C3-on-C4,ODD-on-EVEN
164.72431302027007,C3-on-C4,ODD-on-EVEN
153.5112233681953,C3-on-C4,ODD-on-EVEN
135.37104195506487,C3-on-C4,ODD-on-EVEN
138.62638421310862,C3-on-C4,ODD-on-EVEN
190.87017021001472,C3-on-C4,ODD-on-EVEN
148.005631815144,C3-on-C4,ODD-on-EVEN
152.42765300299104,C3-on-C4,ODD-on-EVEN
193.79201416983102,C3-on-C4,ODD-on-EVEN
133.06240941753597,C3-on-C4,ODD-on-EVEN
151.09650723957887,C3-on-C4,ODD-on-EVEN
70.72446959857662,C3-on-C4,ODD-on-EVEN
168.94804628642515,C3-on-C4,ODD-on-EVEN
140.2128253762826,C3-on-C4,ODD-on-EVEN
147.0247751231064,C3-on-C4,ODD-on-EVEN
133.74690653992715,C3-on-C4,ODD-on-EVEN
110.51434060288291,C3-on-C4,ODD-on-EVEN
131.01989848874055,C3-on-C4,ODD-on-EVEN
137.3968594983157,C3-on-C4,ODD-on-EVEN
131.81114444537712,C3-on-C4,ODD-on-EVEN
96.18081214566662,C3-on-C4,ODD-on-EVEN
146.9996193872621,C3-on-C4,ODD-on-EVEN
171.88059139995983,C3-on-C4,ODD-on-EVEN
133.35251028758267,C3-on-C4,ODD-on-EVEN
151.05872415719654,C3-on-C4,ODD-on-EVEN
138.72130478048396,C3-on-C4,ODD-on-EVEN
185.10524492839204,C3-on-C4,ODD-on-EVEN
106.12245049941114,C3-on-C4,ODD-on-EVEN
163.89399134806644,C3-on-C4,ODD-on-EVEN
140.79418347360806,C3-on-C4,ODD-on-EVEN
145.0855502798264,C3-on-C4,ODD-on-EVEN
191.85006020588057,C3-on-C4,ODD-on-EVEN
160.94161208338951,C3-on-C4,ODD-on-EVEN
162.80495569852906,C3-on-C4,ODD-on-EVEN
142.34538313552744,C3-on-C4,ODD-on-EVEN
152.44062844268313,C3-on-C4,ODD-on-EVEN
164.89361570418657,C3-on-C4,ODD-on-EVEN
153.63510145796744,C3-on-C4,ODD-on-EVEN
131.74911157195731,C3-on-C4,ODD-on-EVEN
161.23613242694714,C3-on-C4,ODD-on-EVEN
171.67713592671555,C3-on-C4,ODD-on-EVEN
147.83496338823244,C3-on-C4,ODD-on-EVEN
138.21503174401798,C3-on-C4,ODD-on-EVEN
160.53436547979348,C3-on-C4,ODD-on-EVEN
158.0690991307283,C3-on-C4,ODD-on-EVEN
147.7892110405901,C3-on-C4,ODD-on-EVEN
142.32916918186532,C3-on-C4,ODD-on-EVEN
157.2921933854324,C3-on-C4,ODD-on-EVEN
173.16648405508514,C3-on-C4,ODD-on-EVEN
129.07879608983032,C3-on-C4,ODD-on-EVEN
169.62985851553384,C3-on-C4,ODD-on-EVEN
2659.196615220469,C3-on-C4,ODD-on-EVEN
144.2839270327779,C3-on-C4,ODD-on-EVEN
111.25825856986997,C3-on-C4,ODD-on-EVEN
162.34958584794728,C3-on-C4,ODD-on-EVEN
168.39564275835664,C3-on-C4,ODD-on-EVEN
160.21267896143527,C3-on-C4,ODD-on-EVEN
147.19710459108862,C3-on-C4,ODD-on-EVEN
175.5119654040716,C3-on-C4,ODD-on-EVEN
175.53786030369636,C3-on-C4,ODD-on-EVEN
131.0680830713557,C3-on-C4,ODD-on-EVEN
140.98861301537795,C3-on-C4,ODD-on-EVEN
116.85859018488966,C3-on-C4,ODD-on-EVEN
218.60281598369212,C3-on-C4,ODD-on-EVEN
161.90357756701928,C4-on-C3,EVEN-on-ODD
146.16189031686733,C4-on-C3,EVEN-on-ODD
145.47435419688213,C4-on-C3,EVEN-on-ODD
173.95441426994563,C4-on-C3,EVEN-on-ODD
76.34213892733177,C4-on-C3,EVEN-on-ODD
152.88675750698633,C4-on-C3,EVEN-on-ODD
129.35174242738296,C4-on-C3,EVEN-on-ODD
182.70515161045705,C4-on-C3,EVEN-on-ODD
167.73080974585415,C4-on-C3,EVEN-on-ODD
174.84915567711525,C4-on-C3,EVEN-on-ODD
141.39713365199484,C4-on-C3,EVEN-on-ODD
145.9916194992027,C4-on-C3,EVEN-on-ODD
143.24483880405606,C4-on-C3,EVEN-on-ODD
127.19536351612811,C4-on-C3,EVEN-on-ODD
150.24466451757962,C4-on-C3,EVEN-on-ODD
139.59305605938997,C4-on-C3,EVEN-on-ODD
145.33050918509838,C4-on-C3,EVEN-on-ODD
125.83393262550457,C4-on-C3,EVEN-on-ODD
152.89840017475657,C4-on-C3,EVEN-on-ODD
1688.2311153689832,C4-on-C3,EVEN-on-ODD
195.16241057129858,C4-on-C3,EVEN-on-ODD
133.33727010854832,C4-on-C3,EVEN-on-ODD
116.31726011216064,C4-on-C3,EVEN-on-ODD
191.8353932411833,C4-on-C3,EVEN-on-ODD
106.63794184529287,C4-on-C3,EVEN-on-ODD
148.35416172119977,C4-on-C3,EVEN-on-ODD
155.41580421565862,C4-on-C3,EVEN-on-ODD
131.7640713548268,C4-on-C3,EVEN-on-ODD
136.06370750497788,C4-on-C3,EVEN-on-ODD
157.02634492339158,C4-on-C3,EVEN-on-ODD
111.3982342768509,C4-on-C3,EVEN-on-ODD
188.39489085429054,C4-on-C3,EVEN-on-ODD
150.9414949574842,C4-on-C3,EVEN-on-ODD
1785.333407237987,C4-on-C3,EVEN-on-ODD
114.60085427255757,C4-on-C3,EVEN-on-ODD
155.05558777419122,C4-on-C3,EVEN-on-ODD
148.04606580385592,C4-on-C3,EVEN-on-ODD
125.44996014347724,C4-on-C3,EVEN-on-ODD
144.36898732068423,C4-on-C3,EVEN-on-ODD
120.42046088601366,C4-on-C3,EVEN-on-ODD
123.64810754718435,C4-on-C3,EVEN-on-ODD
113.78441783587928,C4-on-C3,EVEN-on-ODD
118.33058311357999,C4-on-C3,EVEN-on-ODD
133.69529086695613,C4-on-C3,EVEN-on-ODD
156.66450619077656,C4-on-C3,EVEN-on-ODD
160.6647937446161,C4-on-C3,EVEN-on-ODD
120.23345374728278,C4-on-C3,EVEN-on-ODD
166.05498482129332,C4-on-C3,EVEN-on-ODD
146.9237533552692,C4-on-C3,EVEN-on-ODD
152.5813176637283,C4-on-C3,EVEN-on-ODD
161.66298617803702,C4-on-C3,EVEN-on-ODD
140.79154449042682,C4-on-C3,EVEN-on-ODD
87.34764290832332,C4-on-C3,EVEN-on-ODD
157.54752045018083,C4-on-C3,EVEN-on-ODD
192.47719916914858,C4-on-C3,EVEN-on-ODD
153.71182550474148,C4-on-C3,EVEN-on-ODD
128.5288923977794,C4-on-C3,EVEN-on-ODD
145.1410985903029,C4-on-C3,EVEN-on-ODD
151.4642878701114,C4-on-C3,EVEN-on-ODD
121.18737558013333,C4-on-C3,EVEN-on-ODD
132.36160319367445,C4-on-C3,EVEN-on-ODD
184.13928939799882,C4-on-C3,EVEN-on-ODD
92.50521336659844,C4-on-C3,EVEN-on-ODD
137.11026402133453,C4-on-C3,EVEN-on-ODD
166.22527786110163,C4-on-C3,EVEN-on-ODD
2271.595362162901,C4-on-C3,EVEN-on-ODD
132.67258081457564,C4-on-C3,EVEN-on-ODD
151.61913599542828,C4-on-C3,EVEN-on-ODD
95.13637177525744,C4-on-C3,EVEN-on-ODD
130.59026616421312,C4-on-C3,EVEN-on-ODD
1515.945991693719,C4-on-C3,EVEN-on-ODD
151.15258846609382,C4-on-C3,EVEN-on-ODD
170.29506082385365,C4-on-C3,EVEN-on-ODD
142.17197086627164,C4-on-C3,EVEN-on-ODD
170.99023363923422,C4-on-C3,EVEN-on-ODD
240.0745107253163,C4-on-C3,EVEN-on-ODD
162.72778435165873,C4-on-C3,EVEN-on-ODD
139.78158462401225,C4-on-C3,EVEN-on-ODD
142.83625900873344,C4-on-C3,EVEN-on-ODD
159.36692379537237,C4-on-C3,EVEN-on-ODD
149.0039640412295,C4-on-C3,EVEN-on-ODD
132.28785280591717,C4-on-C3,EVEN-on-ODD
119.31512016504885,C4-on-C3,EVEN-on-ODD
148.8612662850884,C4-on-C3,EVEN-on-ODD
109.49255773795807,C4-on-C3,EVEN-on-ODD
164.72431302027007,C4-on-C3,EVEN-on-ODD
153.5112233681953,C4-on-C3,EVEN-on-ODD
135.37104195506487,C4-on-C3,EVEN-on-ODD
138.62638421310862,C4-on-C3,EVEN-on-ODD
148.005631815144,C4-on-C3,EVEN-on-ODD
190.87017021001472,C4-on-C3,EVEN-on-ODD
152.42765300299104,C4-on-C3,EVEN-on-ODD
193.79201416983102,C4-on-C3,EVEN-on-ODD
133.06240941753597,C4-on-C3,EVEN-on-ODD
151.09650723957887,C4-on-C3,EVEN-on-ODD
70.72446959857662,C4-on-C3,EVEN-on-ODD
168.94804628642515,C4-on-C3,EVEN-on-ODD
140.2128253762826,C4-on-C3,EVEN-on-ODD
147.0247751231064,C4-on-C3,EVEN-on-ODD
133.74690653992715,C4-on-C3,EVEN-on-ODD
110.51434060288291,C4-on-C3,EVEN-on-ODD
131.01989848874055,C4-on-C3,EVEN-on-ODD
137.3968594983157,C4-on-C3,EVEN-on-ODD
131.81114444537712,C4-on-C3,EVEN-on-ODD
96.18081214566662,C4-on-C3,EVEN-on-ODD
146.9996193872621,C4-on-C3,EVEN-on-ODD
171.88059139995983,C4-on-C3,EVEN-on-ODD
133.35251028758267,C4-on-C3,EVEN-on-ODD
151.05872415719654,C4-on-C3,EVEN-on-ODD
138.72130478048396,C4-on-C3,EVEN-on-ODD
185.10524492839204,C4-on-C3,EVEN-on-ODD
106.12245049941114,C4-on-C3,EVEN-on-ODD
140.79418347360806,C4-on-C3,EVEN-on-ODD
145.0855502798264,C4-on-C3,EVEN-on-ODD
163.89399134806644,C4-on-C3,EVEN-on-ODD
191.85006020588057,C4-on-C3,EVEN-on-ODD
160.94161208338951,C4-on-C3,EVEN-on-ODD
162.80495569852906,C4-on-C3,EVEN-on-ODD
142.34538313552744,C4-on-C3,EVEN-on-ODD
152.44062844268313,C4-on-C3,EVEN-on-ODD
164.89361570418657,C4-on-C3,EVEN-on-ODD
153.63510145796744,C4-on-C3,EVEN-on-ODD
131.74911157195731,C4-on-C3,EVEN-on-ODD
161.23613242694714,C4-on-C3,EVEN-on-ODD
171.67713592671555,C4-on-C3,EVEN-on-ODD
147.83496338823244,C4-on-C3,EVEN-on-ODD
138.21503174401798,C4-on-C3,EVEN-on-ODD
160.53436547979348,C4-on-C3,EVEN-on-ODD
158.0690991307283,C4-on-C3,EVEN-on-ODD
147.7892110405901,C4-on-C3,EVEN-on-ODD
2770.8401685409435,C4-on-C3,EVEN-on-ODD
142.32916918186532,C4-on-C3,EVEN-on-ODD
157.2921933854324,C4-on-C3,EVEN-on-ODD
173.16648405508514,C4-on-C3,EVEN-on-ODD
129.07879608983032,C4-on-C3,EVEN-on-ODD
169.62985851553384,C4-on-C3,EVEN-on-ODD
144.2839270327779,C4-on-C3,EVEN-on-ODD
111.25825856986997,C4-on-C3,EVEN-on-ODD
162.34958584794728,C4-on-C3,EVEN-on-ODD
168.39564275835664,C4-on-C3,EVEN-on-ODD
160.21267896143527,C4-on-C3,EVEN-on-ODD
147.19710459108862,C4-on-C3,EVEN-on-ODD
175.5119654040716,C4-on-C3,EVEN-on-ODD
175.53786030369636,C4-on-C3,EVEN-on-ODD
131.0680830713557,C4-on-C3,EVEN-on-ODD
140.98861301537795,C4-on-C3,EVEN-on-ODD
116.85859018488966,C4-on-C3,EVEN-on-ODD
218.60281598369212,C4-on-C3,EVEN-on-ODD
368.06115809740044,C3-on-C4,ODD-on-EVEN
178.3465564568042,C3-on-C4,ODD-on-EVEN
202.9025265983644,C3-on-C4,ODD-on-EVEN
185.25551867623233,C3-on-C4,ODD-on-EVEN
234.42036984869705,C3-on-C4,ODD-on-EVEN
152.90774277321628,C3-on-C4,ODD-on-EVEN
198.8262319212431,C3-on-C4,ODD-on-EVEN
227.1647450640172,C3-on-C4,ODD-on-EVEN
216.4701914814137,C3-on-C4,ODD-on-EVEN
180.8358443450853,C3-on-C4,ODD-on-EVEN
220.94576370684283,C3-on-C4,ODD-on-EVEN
167.00971139427872,C3-on-C4,ODD-on-EVEN
240.365938310735,C3-on-C4,ODD-on-EVEN
135.82281803879636,C3-on-C4,ODD-on-EVEN
199.33056815250535,C3-on-C4,ODD-on-EVEN
203.13979767637844,C3-on-C4,ODD-on-EVEN
180.56044251164138,C3-on-C4,ODD-on-EVEN
228.90155547745857,C3-on-C4,ODD-on-EVEN
359.72258602984596,C3-on-C4,ODD-on-EVEN
206.94905749966568,C3-on-C4,ODD-on-EVEN
177.2223716126151,C3-on-C4,ODD-on-EVEN
128.60905877892134,C3-on-C4,ODD-on-EVEN
280.85716387516277,C3-on-C4,ODD-on-EVEN
200.76008119145598,C3-on-C4,ODD-on-EVEN
178.6387947787378,C3-on-C4,ODD-on-EVEN
84.77541641590437,C3-on-C4,ODD-on-EVEN
244.6751769182973,C3-on-C4,ODD-on-EVEN
241.35467387229085,C3-on-C4,ODD-on-EVEN
164.29198702310504,C3-on-C4,ODD-on-EVEN
184.3562469785066,C3-on-C4,ODD-on-EVEN
197.69314125684716,C3-on-C4,ODD-on-EVEN
260.0912610988691,C3-on-C4,ODD-on-EVEN
186.57681018819034,C3-on-C4,ODD-on-EVEN
225.91490886836127,C3-on-C4,ODD-on-EVEN
185.25280132834584,C3-on-C4,ODD-on-EVEN
204.49435860189408,C3-on-C4,ODD-on-EVEN
240.4049737422252,C3-on-C4,ODD-on-EVEN
212.83294674990992,C3-on-C4,ODD-on-EVEN
196.32603215060337,C3-on-C4,ODD-on-EVEN
215.12952517030195,C3-on-C4,ODD-on-EVEN
199.06468220153977,C3-on-C4,ODD-on-EVEN
254.454722494985,C3-on-C4,ODD-on-EVEN
229.58022867834177,C3-on-C4,ODD-on-EVEN
159.2274520175463,C3-on-C4,ODD-on-EVEN
228.12767833824978,C3-on-C4,ODD-on-EVEN
349.401785611293,C3-on-C4,ODD-on-EVEN
247.17101164982904,C3-on-C4,ODD-on-EVEN
197.98441908392684,C3-on-C4,ODD-on-EVEN
201.7980401292343,C3-on-C4,ODD-on-EVEN
181.50838355293644,C3-on-C4,ODD-on-EVEN
929.9655336086379,C3-on-C4,ODD-on-EVEN
227.46799708970036,C3-on-C4,ODD-on-EVEN
233.6085925217644,C3-on-C4,ODD-on-EVEN
221.22152336515546,C3-on-C4,ODD-on-EVEN
501.6436398480495,C3-on-C4,ODD-on-EVEN
201.14985582893163,C3-on-C4,ODD-on-EVEN
207.75625381682207,C3-on-C4,ODD-on-EVEN
204.45062827000532,C3-on-C4,ODD-on-EVEN
199.88025065023234,C3-on-C4,ODD-on-EVEN
172.23868351795971,C3-on-C4,ODD-on-EVEN
183.0836202394961,C3-on-C4,ODD-on-EVEN
202.08551803629993,C3-on-C4,ODD-on-EVEN
218.97229710627846,C3-on-C4,ODD-on-EVEN
197.73555219029282,C3-on-C4,ODD-on-EVEN
228.11312697869843,C3-on-C4,ODD-on-EVEN
272.7485497669977,C3-on-C4,ODD-on-EVEN
210.3283994138686,C3-on-C4,ODD-on-EVEN
231.8046188064421,C3-on-C4,ODD-on-EVEN
208.74791998963684,C3-on-C4,ODD-on-EVEN
220.25102338014244,C3-on-C4,ODD-on-EVEN
281.1280003841663,C3-on-C4,ODD-on-EVEN
166.78452718702655,C3-on-C4,ODD-on-EVEN
170.87056113912652,C3-on-C4,ODD-on-EVEN
169.8033091550339,C3-on-C4,ODD-on-EVEN
191.89521776219448,C3-on-C4,ODD-on-EVEN
198.16452583648783,C3-on-C4,ODD-on-EVEN
300.9963312068773,C3-on-C4,ODD-on-EVEN
251.02450238970707,C3-on-C4,ODD-on-EVEN
190.43579311673474,C3-on-C4,ODD-on-EVEN
192.05414184547038,C3-on-C4,ODD-on-EVEN
147.84310230781804,C3-on-C4,ODD-on-EVEN
193.2475730766107,C3-on-C4,ODD-on-EVEN
194.67651578965535,C3-on-C4,ODD-on-EVEN
174.90601076006507,C3-on-C4,ODD-on-EVEN
256.98729949162885,C3-on-C4,ODD-on-EVEN
174.4912722745761,C3-on-C4,ODD-on-EVEN
167.51116529951096,C3-on-C4,ODD-on-EVEN
232.63353713512643,C3-on-C4,ODD-on-EVEN
175.13029235400728,C3-on-C4,ODD-on-EVEN
221.70126973023895,C3-on-C4,ODD-on-EVEN
203.2032135572672,C3-on-C4,ODD-on-EVEN
236.72737589894388,C3-on-C4,ODD-on-EVEN
181.66895304371747,C3-on-C4,ODD-on-EVEN
249.52347564908598,C3-on-C4,ODD-on-EVEN
164.14194253754877,C3-on-C4,ODD-on-EVEN
217.6694248166253,C3-on-C4,ODD-on-EVEN
129.63987426714047,C3-on-C4,ODD-on-EVEN
201.96639547211797,C3-on-C4,ODD-on-EVEN
241.46445079969845,C3-on-C4,ODD-on-EVEN
130.5174294874059,C3-on-C4,ODD-on-EVEN
210.5885041971665,C3-on-C4,ODD-on-EVEN
208.23532865486595,C3-on-C4,ODD-on-EVEN
187.63956992063268,C3-on-C4,ODD-on-EVEN
181.22875047850383,C3-on-C4,ODD-on-EVEN
162.98638900227243,C3-on-C4,ODD-on-EVEN
117.93913684608808,C3-on-C4,ODD-on-EVEN
153.8061247154989,C3-on-C4,ODD-on-EVEN
218.34579249438332,C3-on-C4,ODD-on-EVEN
259.91366912880886,C3-on-C4,ODD-on-EVEN
247.53231889997784,C3-on-C4,ODD-on-EVEN
138.06536857590362,C3-on-C4,ODD-on-EVEN
221.42270818504667,C3-on-C4,ODD-on-EVEN
208.69612598225157,C3-on-C4,ODD-on-EVEN
184.43196279387155,C3-on-C4,ODD-on-EVEN
118.3343935168466,C3-on-C4,ODD-on-EVEN
174.17725569086107,C3-on-C4,ODD-on-EVEN
250.56026021697878,C3-on-C4,ODD-on-EVEN
157.19153794018274,C3-on-C4,ODD-on-EVEN
220.3438077187565,C3-on-C4,ODD-on-EVEN
155.37118040357404,C3-on-C4,ODD-on-EVEN
340.292406909117,C3-on-C4,ODD-on-EVEN
192.10595748180216,C3-on-C4,ODD-on-EVEN
285.94044100126877,C3-on-C4,ODD-on-EVEN
167.4504171389251,C3-on-C4,ODD-on-EVEN
172.1820214191947,C3-on-C4,ODD-on-EVEN
209.42758199435013,C3-on-C4,ODD-on-EVEN
192.29816561787595,C3-on-C4,ODD-on-EVEN
210.415480656724,C3-on-C4,ODD-on-EVEN
204.59740369809185,C3-on-C4,ODD-on-EVEN
179.63496346758257,C3-on-C4,ODD-on-EVEN
142.9511867736676,C3-on-C4,ODD-on-EVEN
196.21042811226923,C3-on-C4,ODD-on-EVEN
206.56436623967812,C3-on-C4,ODD-on-EVEN
192.77206955365625,C3-on-C4,ODD-on-EVEN
249.36185273613975,C3-on-C4,ODD-on-EVEN
277.9945967100799,C3-on-C4,ODD-on-EVEN
297.8951055254182,C3-on-C4,ODD-on-EVEN
183.22380249301668,C3-on-C4,ODD-on-EVEN
383.5883160368676,C3-on-C4,ODD-on-EVEN
267.726712339281,C3-on-C4,ODD-on-EVEN
253.32645649635575,C3-on-C4,ODD-on-EVEN
196.56735283357708,C3-on-C4,ODD-on-EVEN
37.58845381244003,C3-on-C4,ODD-on-EVEN
262.9997722432477,C3-on-C4,ODD-on-EVEN
243.15845553876966,C3-on-C4,ODD-on-EVEN
137.7156276889447,C3-on-C4,ODD-on-EVEN
368.06115809740044,C4-on-C3,EVEN-on-ODD
178.3465564568042,C4-on-C3,EVEN-on-ODD
202.9025265983644,C4-on-C3,EVEN-on-ODD
185.25551867623233,C4-on-C3,EVEN-on-ODD
152.90774277321628,C4-on-C3,EVEN-on-ODD
198.8262319212431,C4-on-C3,EVEN-on-ODD
234.42036984869705,C4-on-C3,EVEN-on-ODD
227.1647450640172,C4-on-C3,EVEN-on-ODD
180.8358443450853,C4-on-C3,EVEN-on-ODD
216.4701914814137,C4-on-C3,EVEN-on-ODD
220.94576370684283,C4-on-C3,EVEN-on-ODD
167.00971139427872,C4-on-C3,EVEN-on-ODD
240.365938310735,C4-on-C3,EVEN-on-ODD
135.82281803879636,C4-on-C3,EVEN-on-ODD
203.13979767637844,C4-on-C3,EVEN-on-ODD
180.56044251164138,C4-on-C3,EVEN-on-ODD
228.90155547745857,C4-on-C3,EVEN-on-ODD
199.33056815250535,C4-on-C3,EVEN-on-ODD
177.2223716126151,C4-on-C3,EVEN-on-ODD
359.72258602984596,C4-on-C3,EVEN-on-ODD
206.94905749966568,C4-on-C3,EVEN-on-ODD
128.60905877892134,C4-on-C3,EVEN-on-ODD
280.85716387516277,C4-on-C3,EVEN-on-ODD
200.76008119145598,C4-on-C3,EVEN-on-ODD
84.77541641590437,C4-on-C3,EVEN-on-ODD
178.6387947787378,C4-on-C3,EVEN-on-ODD
244.6751769182973,C4-on-C3,EVEN-on-ODD
197.69314125684716,C4-on-C3,EVEN-on-ODD
260.0912610988691,C4-on-C3,EVEN-on-ODD
212.83294674990992,C4-on-C3,EVEN-on-ODD
164.29198702310504,C4-on-C3,EVEN-on-ODD
184.3562469785066,C4-on-C3,EVEN-on-ODD
186.57681018819034,C4-on-C3,EVEN-on-ODD
241.35467387229085,C4-on-C3,EVEN-on-ODD
185.25280132834584,C4-on-C3,EVEN-on-ODD
225.91490886836127,C4-on-C3,EVEN-on-ODD
204.49435860189408,C4-on-C3,EVEN-on-ODD
240.4049737422252,C4-on-C3,EVEN-on-ODD
196.32603215060337,C4-on-C3,EVEN-on-ODD
215.12952517030195,C4-on-C3,EVEN-on-ODD
199.06468220153977,C4-on-C3,EVEN-on-ODD
586.8195277084774,C4-on-C3,EVEN-on-ODD
254.454722494985,C4-on-C3,EVEN-on-ODD
229.58022867834177,C4-on-C3,EVEN-on-ODD
159.2274520175463,C4-on-C3,EVEN-on-ODD
228.12767833824978,C4-on-C3,EVEN-on-ODD
247.17101164982904,C4-on-C3,EVEN-on-ODD
201.7980401292343,C4-on-C3,EVEN-on-ODD
181.50838355293644,C4-on-C3,EVEN-on-ODD
349.401785611293,C4-on-C3,EVEN-on-ODD
197.98441908392684,C4-on-C3,EVEN-on-ODD
227.46799708970036,C4-on-C3,EVEN-on-ODD
221.22152336515546,C4-on-C3,EVEN-on-ODD
233.6085925217644,C4-on-C3,EVEN-on-ODD
201.14985582893163,C4-on-C3,EVEN-on-ODD
207.75625381682207,C4-on-C3,EVEN-on-ODD
204.45062827000532,C4-on-C3,EVEN-on-ODD
172.23868351795971,C4-on-C3,EVEN-on-ODD
183.0836202394961,C4-on-C3,EVEN-on-ODD
199.88025065023234,C4-on-C3,EVEN-on-ODD
218.97229710627846,C4-on-C3,EVEN-on-ODD
228.11312697869843,C4-on-C3,EVEN-on-ODD
202.08551803629993,C4-on-C3,EVEN-on-ODD
210.3283994138686,C4-on-C3,EVEN-on-ODD
231.8046188064421,C4-on-C3,EVEN-on-ODD
197.73555219029282,C4-on-C3,EVEN-on-ODD
208.74791998963684,C4-on-C3,EVEN-on-ODD
220.25102338014244,C4-on-C3,EVEN-on-ODD
272.7485497669977,C4-on-C3,EVEN-on-ODD
166.78452718702655,C4-on-C3,EVEN-on-ODD
281.1280003841663,C4-on-C3,EVEN-on-ODD
170.87056113912652,C4-on-C3,EVEN-on-ODD
191.89521776219448,C4-on-C3,EVEN-on-ODD
300.9963312068773,C4-on-C3,EVEN-on-ODD
251.02450238970707,C4-on-C3,EVEN-on-ODD
169.8033091550339,C4-on-C3,EVEN-on-ODD
190.43579311673474,C4-on-C3,EVEN-on-ODD
198.16452583648783,C4-on-C3,EVEN-on-ODD
192.05414184547038,C4-on-C3,EVEN-on-ODD
147.84310230781804,C4-on-C3,EVEN-on-ODD
193.2475730766107,C4-on-C3,EVEN-on-ODD
1251.3633131908575,C4-on-C3,EVEN-on-ODD
174.90601076006507,C4-on-C3,EVEN-on-ODD
194.67651578965535,C4-on-C3,EVEN-on-ODD
593.7052581879328,C4-on-C3,EVEN-on-ODD
174.4912722745761,C4-on-C3,EVEN-on-ODD
256.98729949162885,C4-on-C3,EVEN-on-ODD
167.51116529951096,C4-on-C3,EVEN-on-ODD
232.63353713512643,C4-on-C3,EVEN-on-ODD
221.70126973023895,C4-on-C3,EVEN-on-ODD
203.2032135572672,C4-on-C3,EVEN-on-ODD
175.13029235400728,C4-on-C3,EVEN-on-ODD
181.66895304371747,C4-on-C3,EVEN-on-ODD
249.52347564908598,C4-on-C3,EVEN-on-ODD
164.14194253754877,C4-on-C3,EVEN-on-ODD
236.72737589894388,C4-on-C3,EVEN-on-ODD
129.63987426714047,C4-on-C3,EVEN-on-ODD
201.96639547211797,C4-on-C3,EVEN-on-ODD
217.6694248166253,C4-on-C3,EVEN-on-ODD
241.46445079969845,C4-on-C3,EVEN-on-ODD
210.5885041971665,C4-on-C3,EVEN-on-ODD
130.5174294874059,C4-on-C3,EVEN-on-ODD
187.63956992063268,C4-on-C3,EVEN-on-ODD
181.22875047850383,C4-on-C3,EVEN-on-ODD
208.23532865486595,C4-on-C3,EVEN-on-ODD
162.98638900227243,C4-on-C3,EVEN-on-ODD
117.93913684608808,C4-on-C3,EVEN-on-ODD
218.34579249438332,C4-on-C3,EVEN-on-ODD
259.91366912880886,C4-on-C3,EVEN-on-ODD
247.53231889997784,C4-on-C3,EVEN-on-ODD
221.42270818504667,C4-on-C3,EVEN-on-ODD
153.8061247154989,C4-on-C3,EVEN-on-ODD
138.06536857590362,C4-on-C3,EVEN-on-ODD
208.69612598225157,C4-on-C3,EVEN-on-ODD
184.43196279387155,C4-on-C3,EVEN-on-ODD
118.3343935168466,C4-on-C3,EVEN-on-ODD
157.19153794018274,C4-on-C3,EVEN-on-ODD
174.17725569086107,C4-on-C3,EVEN-on-ODD
250.56026021697878,C4-on-C3,EVEN-on-ODD
220.3438077187565,C4-on-C3,EVEN-on-ODD
155.37118040357404,C4-on-C3,EVEN-on-ODD
340.292406909117,C4-on-C3,EVEN-on-ODD
192.10595748180216,C4-on-C3,EVEN-on-ODD
285.94044100126877,C4-on-C3,EVEN-on-ODD
209.42758199435013,C4-on-C3,EVEN-on-ODD
192.29816561787595,C4-on-C3,EVEN-on-ODD
167.4504171389251,C4-on-C3,EVEN-on-ODD
172.1820214191947,C4-on-C3,EVEN-on-ODD
210.415480656724,C4-on-C3,EVEN-on-ODD
179.63496346758257,C4-on-C3,EVEN-on-ODD
204.59740369809185,C4-on-C3,EVEN-on-ODD
142.9511867736676,C4-on-C3,EVEN-on-ODD
196.21042811226923,C4-on-C3,EVEN-on-ODD
206.56436623967812,C4-on-C3,EVEN-on-ODD
192.77206955365625,C4-on-C3,EVEN-on-ODD
249.36185273613975,C4-on-C3,EVEN-on-ODD
277.9945967100799,C4-on-C3,EVEN-on-ODD
297.8951055254182,C4-on-C3,EVEN-on-ODD
183.22380249301668,C4-on-C3,EVEN-on-ODD
383.5883160368676,C4-on-C3,EVEN-on-ODD
267.726712339281,C4-on-C3,EVEN-on-ODD
253.32645649635575,C4-on-C3,EVEN-on-ODD
196.56735283357708,C4-on-C3,EVEN-on-ODD
37.58845381244003,C4-on-C3,EVEN-on-ODD
262.9997722432477,C4-on-C3,EVEN-on-ODD
243.15845553876966,C4-on-C3,EVEN-on-ODD
137.7156276889447,C4-on-C3,EVEN-on-ODD
154.31442873561727,C3-on-C4,ODD-on-EVEN
120.04729138068893,C3-on-C4,ODD-on-EVEN
112.3028231212375,C3-on-C4,ODD-on-EVEN
180.14931052046785,C3-on-C4,ODD-on-EVEN
260.84989354224393,C3-on-C4,ODD-on-EVEN
141.94194110269208,C3-on-C4,ODD-on-EVEN
196.22326632945408,C3-on-C4,ODD-on-EVEN
153.53196084203557,C3-on-C4,ODD-on-EVEN
92.41353383568884,C3-on-C4,ODD-on-EVEN
99.0474396438397,C3-on-C4,ODD-on-EVEN
158.99259308533877,C3-on-C4,ODD-on-EVEN
146.61797197137884,C3-on-C4,ODD-on-EVEN
104.74289608846976,C3-on-C4,ODD-on-EVEN
162.0135762243403,C3-on-C4,ODD-on-EVEN
139.96454225624436,C3-on-C4,ODD-on-EVEN
201.71035520270146,C3-on-C4,ODD-on-EVEN
185.19167394891159,C3-on-C4,ODD-on-EVEN
163.82444445503313,C3-on-C4,ODD-on-EVEN
818.7015742650058,C3-on-C4,ODD-on-EVEN
164.14942077570655,C3-on-C4,ODD-on-EVEN
125.69963801061635,C3-on-C4,ODD-on-EVEN
129.5497132223764,C3-on-C4,ODD-on-EVEN
53.112879426745764,C3-on-C4,ODD-on-EVEN
138.76556300465867,C3-on-C4,ODD-on-EVEN
175.36737253263428,C3-on-C4,ODD-on-EVEN
239.03882597603297,C3-on-C4,ODD-on-EVEN
190.97480671544199,C3-on-C4,ODD-on-EVEN
156.0284011838873,C3-on-C4,ODD-on-EVEN
88.58627388596932,C3-on-C4,ODD-on-EVEN
102.36237279879754,C3-on-C4,ODD-on-EVEN
119.16015005445412,C3-on-C4,ODD-on-EVEN
137.91761294700473,C3-on-C4,ODD-on-EVEN
867.2727945612036,C3-on-C4,ODD-on-EVEN
117.09644742689723,C3-on-C4,ODD-on-EVEN
162.89848034895903,C3-on-C4,ODD-on-EVEN
94.60427377238351,C3-on-C4,ODD-on-EVEN
38.420817599317864,C3-on-C4,ODD-on-EVEN
1067.3080999111737,C3-on-C4,ODD-on-EVEN
128.18467353392901,C3-on-C4,ODD-on-EVEN
162.52205826902255,C3-on-C4,ODD-on-EVEN
141.46535697830757,C3-on-C4,ODD-on-EVEN
266.67722984161924,C3-on-C4,ODD-on-EVEN
128.84452547159262,C3-on-C4,ODD-on-EVEN
90.26751630570175,C3-on-C4,ODD-on-EVEN
98.51347268267463,C3-on-C4,ODD-on-EVEN
125.03942778180017,C3-on-C4,ODD-on-EVEN
155.9800833439961,C3-on-C4,ODD-on-EVEN
606.3533758461308,C3-on-C4,ODD-on-EVEN
140.4751451325116,C3-on-C4,ODD-on-EVEN
288.14455885891704,C3-on-C4,ODD-on-EVEN
123.28873792849006,C3-on-C4,ODD-on-EVEN
133.38122993884932,C3-on-C4,ODD-on-EVEN
136.16301443490525,C3-on-C4,ODD-on-EVEN
127.90573560243512,C3-on-C4,ODD-on-EVEN
177.48143818439038,C3-on-C4,ODD-on-EVEN
892.8656699638527,C3-on-C4,ODD-on-EVEN
99.19599034235172,C3-on-C4,ODD-on-EVEN
126.56580462352368,C3-on-C4,ODD-on-EVEN
165.69561732284876,C3-on-C4,ODD-on-EVEN
128.3939083445939,C3-on-C4,ODD-on-EVEN
163.99616611372346,C3-on-C4,ODD-on-EVEN
150.31646416810116,C3-on-C4,ODD-on-EVEN
124.31303431257739,C3-on-C4,ODD-on-EVEN
148.76400539108917,C3-on-C4,ODD-on-EVEN
93.17831561044686,C3-on-C4,ODD-on-EVEN
184.42401416301524,C3-on-C4,ODD-on-EVEN
139.8645662775243,C3-on-C4,ODD-on-EVEN
278.5074117505669,C3-on-C4,ODD-on-EVEN
148.1940403659997,C3-on-C4,ODD-on-EVEN
121.39725903001148,C3-on-C4,ODD-on-EVEN
136.32361680941426,C3-on-C4,ODD-on-EVEN
234.36856721838717,C3-on-C4,ODD-on-EVEN
476.6416658245476,C3-on-C4,ODD-on-EVEN
151.68052511776187,C3-on-C4,ODD-on-EVEN
171.23307536804842,C3-on-C4,ODD-on-EVEN
157.65049476611276,C3-on-C4,ODD-on-EVEN
125.36776938272511,C3-on-C4,ODD-on-EVEN
119.16951162105293,C3-on-C4,ODD-on-EVEN
91.59703324889917,C3-on-C4,ODD-on-EVEN
76.17030195555131,C3-on-C4,ODD-on-EVEN
123.41726783558273,C3-on-C4,ODD-on-EVEN
171.76308741985315,C3-on-C4,ODD-on-EVEN
173.72027083791917,C3-on-C4,ODD-on-EVEN
156.13582068186673,C3-on-C4,ODD-on-EVEN
108.9018548969664,C3-on-C4,ODD-on-EVEN
137.64996077006418,C3-on-C4,ODD-on-EVEN
164.82896013747137,C3-on-C4,ODD-on-EVEN
157.1147545585706,C3-on-C4,ODD-on-EVEN
137.95837633141355,C3-on-C4,ODD-on-EVEN
141.3167428155638,C3-on-C4,ODD-on-EVEN
106.1111586969059,C3-on-C4,ODD-on-EVEN
121.41274727144602,C3-on-C4,ODD-on-EVEN
149.76605389740334,C3-on-C4,ODD-on-EVEN
160.0320580383818,C3-on-C4,ODD-on-EVEN
168.13414911908825,C3-on-C4,ODD-on-EVEN
167.99163412503606,C3-on-C4,ODD-on-EVEN
127.58426431186552,C3-on-C4,ODD-on-EVEN
120.89620341433405,C3-on-C4,ODD-on-EVEN
182.10013893459976,C3-on-C4,ODD-on-EVEN
99.67544582293121,C3-on-C4,ODD-on-EVEN
218.68544190229144,C3-on-C4,ODD-on-EVEN
98.12506917195013,C3-on-C4,ODD-on-EVEN
173.94352790489285,C3-on-C4,ODD-on-EVEN
167.95674949224207,C3-on-C4,ODD-on-EVEN
109.6445985901724,C3-on-C4,ODD-on-EVEN
138.03340646379795,C3-on-C4,ODD-on-EVEN
150.41570429978438,C3-on-C4,ODD-on-EVEN
160.0730174014346,C3-on-C4,ODD-on-EVEN
191.1060619132747,C3-on-C4,ODD-on-EVEN
125.58065336667033,C3-on-C4,ODD-on-EVEN
176.91040387721696,C3-on-C4,ODD-on-EVEN
186.1058894823056,C3-on-C4,ODD-on-EVEN
171.60812364221067,C3-on-C4,ODD-on-EVEN
171.0971832029972,C3-on-C4,ODD-on-EVEN
135.7616326507611,C3-on-C4,ODD-on-EVEN
66.62840985645794,C3-on-C4,ODD-on-EVEN
131.0747176231946,C3-on-C4,ODD-on-EVEN
154.94735783484788,C3-on-C4,ODD-on-EVEN
110.71691379369166,C3-on-C4,ODD-on-EVEN
207.98871988644072,C3-on-C4,ODD-on-EVEN
97.0430966117617,C3-on-C4,ODD-on-EVEN
137.80630680778074,C3-on-C4,ODD-on-EVEN
154.06848379860128,C3-on-C4,ODD-on-EVEN
1166.479180011371,C3-on-C4,ODD-on-EVEN
211.88231851667092,C3-on-C4,ODD-on-EVEN
149.49441762152887,C3-on-C4,ODD-on-EVEN
158.63234096488685,C3-on-C4,ODD-on-EVEN
123.80139902278991,C3-on-C4,ODD-on-EVEN
148.11364555637724,C3-on-C4,ODD-on-EVEN
216.55578957857512,C3-on-C4,ODD-on-EVEN
115.04331532079425,C3-on-C4,ODD-on-EVEN
156.99055290048491,C3-on-C4,ODD-on-EVEN
153.69661804997568,C3-on-C4,ODD-on-EVEN
129.10019364818967,C3-on-C4,ODD-on-EVEN
176.48661025698203,C3-on-C4,ODD-on-EVEN
161.59574840013585,C3-on-C4,ODD-on-EVEN
893.7173655020914,C3-on-C4,ODD-on-EVEN
161.34552302434636,C3-on-C4,ODD-on-EVEN
118.7489439953046,C3-on-C4,ODD-on-EVEN
143.2080462124943,C3-on-C4,ODD-on-EVEN
130.3213754531475,C3-on-C4,ODD-on-EVEN
113.61645391403475,C3-on-C4,ODD-on-EVEN
164.90027592457193,C3-on-C4,ODD-on-EVEN
167.92918894581763,C3-on-C4,ODD-on-EVEN
71.48699318680283,C3-on-C4,ODD-on-EVEN
214.7870917909168,C3-on-C4,ODD-on-EVEN
151.8082757954911,C3-on-C4,ODD-on-EVEN
180.06904925611124,C3-on-C4,ODD-on-EVEN
151.4485622249357,C3-on-C4,ODD-on-EVEN
124.43681489012813,C3-on-C4,ODD-on-EVEN
172.4839053361211,C3-on-C4,ODD-on-EVEN
132.62923508789427,C3-on-C4,ODD-on-EVEN
49.561908265219294,C3-on-C4,ODD-on-EVEN
168.3503703589632,C3-on-C4,ODD-on-EVEN
154.9824280362123,C3-on-C4,ODD-on-EVEN
1076.9739202970513,C3-on-C4,ODD-on-EVEN
125.44641445653232,C3-on-C4,ODD-on-EVEN
160.10871431624204,C3-on-C4,ODD-on-EVEN
88.56056684552225,C3-on-C4,ODD-on-EVEN
161.48221573907207,C3-on-C4,ODD-on-EVEN
136.41393074022938,C3-on-C4,ODD-on-EVEN
101.45810416127394,C3-on-C4,ODD-on-EVEN
1234.115185304841,C3-on-C4,ODD-on-EVEN
125.92329808260304,C3-on-C4,ODD-on-EVEN
165.77231765285788,C3-on-C4,ODD-on-EVEN
141.7159204182793,C3-on-C4,ODD-on-EVEN
54.86628655194435,C3-on-C4,ODD-on-EVEN
29.594548484475723,C3-on-C4,ODD-on-EVEN
190.06188965702773,C3-on-C4,ODD-on-EVEN
42.82646961868342,C3-on-C4,ODD-on-EVEN
118.37533907026481,C3-on-C4,ODD-on-EVEN
56.80724252507333,C3-on-C4,ODD-on-EVEN
1046.6575956347908,C3-on-C4,ODD-on-EVEN
142.2724611441016,C3-on-C4,ODD-on-EVEN
261.6026072117783,C3-on-C4,ODD-on-EVEN
411.71166002434285,C3-on-C4,ODD-on-EVEN
174.97108046760147,C3-on-C4,ODD-on-EVEN
146.49983242311345,C3-on-C4,ODD-on-EVEN
105.63794062740904,C3-on-C4,ODD-on-EVEN
170.87970915237423,C3-on-C4,ODD-on-EVEN
561.0577333038017,C3-on-C4,ODD-on-EVEN
151.3502695735961,C3-on-C4,ODD-on-EVEN
143.84986270414018,C3-on-C4,ODD-on-EVEN
106.12813057808907,C3-on-C4,ODD-on-EVEN
144.6231495992249,C3-on-C4,ODD-on-EVEN
195.68843501852632,C3-on-C4,ODD-on-EVEN
185.20625691374505,C3-on-C4,ODD-on-EVEN
28.256123230194593,C3-on-C4,ODD-on-EVEN
73.19744804294722,C3-on-C4,ODD-on-EVEN
125.39074327875903,C3-on-C4,ODD-on-EVEN
123.1326016942708,C3-on-C4,ODD-on-EVEN
104.23340971108944,C3-on-C4,ODD-on-EVEN
158.69502355146525,C3-on-C4,ODD-on-EVEN
144.9911655929423,C3-on-C4,ODD-on-EVEN
133.60618436285014,C3-on-C4,ODD-on-EVEN
184.60021370789363,C3-on-C4,ODD-on-EVEN
139.02054380558212,C3-on-C4,ODD-on-EVEN
158.38353607619652,C3-on-C4,ODD-on-EVEN
163.80994353213043,C3-on-C4,ODD-on-EVEN
135.80746813043828,C3-on-C4,ODD-on-EVEN
103.07260256731645,C3-on-C4,ODD-on-EVEN
153.78608031938398,C3-on-C4,ODD-on-EVEN
128.8677228789281,C3-on-C4,ODD-on-EVEN
99.88362678637537,C3-on-C4,ODD-on-EVEN
144.9707204921043,C3-on-C4,ODD-on-EVEN
170.6041042882609,C3-on-C4,ODD-on-EVEN
165.71708451454268,C3-on-C4,ODD-on-EVEN
213.94747860164256,C3-on-C4,ODD-on-EVEN
176.8577207814238,C3-on-C4,ODD-on-EVEN
205.3165389502024,C3-on-C4,ODD-on-EVEN
2539.052070399503,C3-on-C4,ODD-on-EVEN
134.5872776305408,C3-on-C4,ODD-on-EVEN
134.15817269178982,C3-on-C4,ODD-on-EVEN
139.99411594777973,C3-on-C4,ODD-on-EVEN
142.19621689763864,C3-on-C4,ODD-on-EVEN
116.95704382379071,C3-on-C4,ODD-on-EVEN
136.49472553912034,C3-on-C4,ODD-on-EVEN
136.6020662362041,C3-on-C4,ODD-on-EVEN
212.7428729711049,C3-on-C4,ODD-on-EVEN
89.80983019692215,C3-on-C4,ODD-on-EVEN
149.90432048476796,C3-on-C4,ODD-on-EVEN
151.78425774763238,C3-on-C4,ODD-on-EVEN
189.57696590039635,C3-on-C4,ODD-on-EVEN
198.80862783088665,C3-on-C4,ODD-on-EVEN
141.86302407604387,C3-on-C4,ODD-on-EVEN
161.60470444884908,C3-on-C4,ODD-on-EVEN
119.76330990750085,C3-on-C4,ODD-on-EVEN
168.34935402311464,C3-on-C4,ODD-on-EVEN
145.139658605083,C3-on-C4,ODD-on-EVEN
165.63236338348818,C3-on-C4,ODD-on-EVEN
152.2693652708892,C3-on-C4,ODD-on-EVEN
110.01060903385601,C3-on-C4,ODD-on-EVEN
154.2091543975267,C3-on-C4,ODD-on-EVEN
169.8753654889373,C3-on-C4,ODD-on-EVEN
223.2708973422196,C3-on-C4,ODD-on-EVEN
116.95195167247144,C3-on-C4,ODD-on-EVEN
132.7052346367697,C3-on-C4,ODD-on-EVEN
134.1586079981453,C3-on-C4,ODD-on-EVEN
140.53982531652687,C3-on-C4,ODD-on-EVEN
91.50686859465829,C3-on-C4,ODD-on-EVEN
141.65972645745154,C3-on-C4,ODD-on-EVEN
136.2003263579057,C3-on-C4,ODD-on-EVEN
145.22469659117934,C3-on-C4,ODD-on-EVEN
180.98655005275972,C3-on-C4,ODD-on-EVEN
231.90537470270064,C3-on-C4,ODD-on-EVEN
158.15673997651814,C3-on-C4,ODD-on-EVEN
152.04274596310046,C3-on-C4,ODD-on-EVEN
94.61582848551292,C3-on-C4,ODD-on-EVEN
148.81733400380472,C3-on-C4,ODD-on-EVEN
103.83926232403599,C3-on-C4,ODD-on-EVEN
141.74599747435653,C3-on-C4,ODD-on-EVEN
132.0344553516237,C3-on-C4,ODD-on-EVEN
847.3574297780118,C3-on-C4,ODD-on-EVEN
95.16916569982082,C3-on-C4,ODD-on-EVEN
157.450818035347,C3-on-C4,ODD-on-EVEN
35.759442155744274,C3-on-C4,ODD-on-EVEN
163.80347035395883,C3-on-C4,ODD-on-EVEN
140.0260007998508,C3-on-C4,ODD-on-EVEN
154.09619203601378,C3-on-C4,ODD-on-EVEN
192.3245644737038,C3-on-C4,ODD-on-EVEN
67.6972673008298,C3-on-C4,ODD-on-EVEN
118.06920385943228,C3-on-C4,ODD-on-EVEN
150.31287004112468,C3-on-C4,ODD-on-EVEN
1053.991890101627,C3-on-C4,ODD-on-EVEN
130.24258136262546,C3-on-C4,ODD-on-EVEN
143.55846509349465,C3-on-C4,ODD-on-EVEN
154.31442873561727,C4-on-C3,EVEN-on-ODD
180.14931052046785,C4-on-C3,EVEN-on-ODD
120.04729138068893,C4-on-C3,EVEN-on-ODD
112.3028231212375,C4-on-C3,EVEN-on-ODD
260.84989354224393,C4-on-C3,EVEN-on-ODD
196.22326632945408,C4-on-C3,EVEN-on-ODD
141.94194110269208,C4-on-C3,EVEN-on-ODD
99.0474396438397,C4-on-C3,EVEN-on-ODD
104.74289608846976,C4-on-C3,EVEN-on-ODD
153.53196084203557,C4-on-C3,EVEN-on-ODD
92.41353383568884,C4-on-C3,EVEN-on-ODD
158.99259308533877,C4-on-C3,EVEN-on-ODD
146.61797197137884,C4-on-C3,EVEN-on-ODD
162.0135762243403,C4-on-C3,EVEN-on-ODD
139.96454225624436,C4-on-C3,EVEN-on-ODD
185.19167394891159,C4-on-C3,EVEN-on-ODD
164.14942077570655,C4-on-C3,EVEN-on-ODD
125.69963801061635,C4-on-C3,EVEN-on-ODD
201.71035520270146,C4-on-C3,EVEN-on-ODD
163.82444445503313,C4-on-C3,EVEN-on-ODD
138.76556300465867,C4-on-C3,EVEN-on-ODD
129.5497132223764,C4-on-C3,EVEN-on-ODD
239.03882597603297,C4-on-C3,EVEN-on-ODD
1189.5749294306765,C4-on-C3,EVEN-on-ODD
53.112879426745764,C4-on-C3,EVEN-on-ODD
175.36737253263428,C4-on-C3,EVEN-on-ODD
190.97480671544199,C4-on-C3,EVEN-on-ODD
119.16015005445412,C4-on-C3,EVEN-on-ODD
156.0284011838873,C4-on-C3,EVEN-on-ODD
88.58627388596932,C4-on-C3,EVEN-on-ODD
102.36237279879754,C4-on-C3,EVEN-on-ODD
1412.2979756060688,C4-on-C3,EVEN-on-ODD
94.60427377238351,C4-on-C3,EVEN-on-ODD
137.91761294700473,C4-on-C3,EVEN-on-ODD
117.09644742689723,C4-on-C3,EVEN-on-ODD
162.89848034895903,C4-on-C3,EVEN-on-ODD
38.420817599317864,C4-on-C3,EVEN-on-ODD
128.18467353392901,C4-on-C3,EVEN-on-ODD
162.52205826902255,C4-on-C3,EVEN-on-ODD
141.46535697830757,C4-on-C3,EVEN-on-ODD
266.67722984161924,C4-on-C3,EVEN-on-ODD
128.84452547159262,C4-on-C3,EVEN-on-ODD
90.26751630570175,C4-on-C3,EVEN-on-ODD
98.51347268267463,C4-on-C3,EVEN-on-ODD
155.9800833439961,C4-on-C3,EVEN-on-ODD
125.03942778180017,C4-on-C3,EVEN-on-ODD
905.4144934779873,C4-on-C3,EVEN-on-ODD
288.14455885891704,C4-on-C3,EVEN-on-ODD
140.4751451325116,C4-on-C3,EVEN-on-ODD
133.38122993884932,C4-on-C3,EVEN-on-ODD
136.16301443490525,C4-on-C3,EVEN-on-ODD
123.28873792849006,C4-on-C3,EVEN-on-ODD
127.90573560243512,C4-on-C3,EVEN-on-ODD
177.48143818439038,C4-on-C3,EVEN-on-ODD
99.19599034235172,C4-on-C3,EVEN-on-ODD
126.56580462352368,C4-on-C3,EVEN-on-ODD
165.69561732284876,C4-on-C3,EVEN-on-ODD
128.3939083445939,C4-on-C3,EVEN-on-ODD
163.99616611372346,C4-on-C3,EVEN-on-ODD
150.31646416810116,C4-on-C3,EVEN-on-ODD
124.31303431257739,C4-on-C3,EVEN-on-ODD
148.76400539108917,C4-on-C3,EVEN-on-ODD
93.17831561044686,C4-on-C3,EVEN-on-ODD
184.42401416301524,C4-on-C3,EVEN-on-ODD
278.5074117505669,C4-on-C3,EVEN-on-ODD
139.8645662775243,C4-on-C3,EVEN-on-ODD
148.1940403659997,C4-on-C3,EVEN-on-ODD
121.39725903001148,C4-on-C3,EVEN-on-ODD
136.32361680941426,C4-on-C3,EVEN-on-ODD
234.36856721838717,C4-on-C3,EVEN-on-ODD
344.87972744132196,C4-on-C3,EVEN-on-ODD
151.68052511776187,C4-on-C3,EVEN-on-ODD
171.23307536804842,C4-on-C3,EVEN-on-ODD
119.16951162105293,C4-on-C3,EVEN-on-ODD
157.65049476611276,C4-on-C3,EVEN-on-ODD
125.36776938272511,C4-on-C3,EVEN-on-ODD
171.76308741985315,C4-on-C3,EVEN-on-ODD
91.59703324889917,C4-on-C3,EVEN-on-ODD
76.17030195555131,C4-on-C3,EVEN-on-ODD
123.41726783558273,C4-on-C3,EVEN-on-ODD
173.72027083791917,C4-on-C3,EVEN-on-ODD
156.13582068186673,C4-on-C3,EVEN-on-ODD
1179.9512777229404,C4-on-C3,EVEN-on-ODD
1332.1744739335004,C4-on-C3,EVEN-on-ODD
108.9018548969664,C4-on-C3,EVEN-on-ODD
137.64996077006418,C4-on-C3,EVEN-on-ODD
164.82896013747137,C4-on-C3,EVEN-on-ODD
157.1147545585706,C4-on-C3,EVEN-on-ODD
137.95837633141355,C4-on-C3,EVEN-on-ODD
1556.9625317264383,C4-on-C3,EVEN-on-ODD
141.3167428155638,C4-on-C3,EVEN-on-ODD
106.1111586969059,C4-on-C3,EVEN-on-ODD
121.41274727144602,C4-on-C3,EVEN-on-ODD
149.76605389740334,C4-on-C3,EVEN-on-ODD
160.0320580383818,C4-on-C3,EVEN-on-ODD
168.13414911908825,C4-on-C3,EVEN-on-ODD
167.99163412503606,C4-on-C3,EVEN-on-ODD
127.58426431186552,C4-on-C3,EVEN-on-ODD
120.89620341433405,C4-on-C3,EVEN-on-ODD
182.10013893459976,C4-on-C3,EVEN-on-ODD
99.67544582293121,C4-on-C3,EVEN-on-ODD
218.68544190229144,C4-on-C3,EVEN-on-ODD
98.12506917195013,C4-on-C3,EVEN-on-ODD
173.94352790489285,C4-on-C3,EVEN-on-ODD
167.95674949224207,C4-on-C3,EVEN-on-ODD
109.6445985901724,C4-on-C3,EVEN-on-ODD
138.03340646379795,C4-on-C3,EVEN-on-ODD
150.41570429978438,C4-on-C3,EVEN-on-ODD
191.1060619132747,C4-on-C3,EVEN-on-ODD
125.58065336667033,C4-on-C3,EVEN-on-ODD
160.0730174014346,C4-on-C3,EVEN-on-ODD
809.0867929561078,C4-on-C3,EVEN-on-ODD
176.91040387721696,C4-on-C3,EVEN-on-ODD
171.0971832029972,C4-on-C3,EVEN-on-ODD
186.1058894823056,C4-on-C3,EVEN-on-ODD
171.60812364221067,C4-on-C3,EVEN-on-ODD
135.7616326507611,C4-on-C3,EVEN-on-ODD
66.62840985645794,C4-on-C3,EVEN-on-ODD
131.0747176231946,C4-on-C3,EVEN-on-ODD
110.71691379369166,C4-on-C3,EVEN-on-ODD
154.94735783484788,C4-on-C3,EVEN-on-ODD
207.98871988644072,C4-on-C3,EVEN-on-ODD
97.0430966117617,C4-on-C3,EVEN-on-ODD
137.80630680778074,C4-on-C3,EVEN-on-ODD
154.06848379860128,C4-on-C3,EVEN-on-ODD
211.88231851667092,C4-on-C3,EVEN-on-ODD
115.04331532079425,C4-on-C3,EVEN-on-ODD
149.49441762152887,C4-on-C3,EVEN-on-ODD
158.63234096488685,C4-on-C3,EVEN-on-ODD
123.80139902278991,C4-on-C3,EVEN-on-ODD
148.11364555637724,C4-on-C3,EVEN-on-ODD
216.55578957857512,C4-on-C3,EVEN-on-ODD
156.99055290048491,C4-on-C3,EVEN-on-ODD
153.69661804997568,C4-on-C3,EVEN-on-ODD
129.10019364818967,C4-on-C3,EVEN-on-ODD
176.48661025698203,C4-on-C3,EVEN-on-ODD
161.59574840013585,C4-on-C3,EVEN-on-ODD
161.34552302434636,C4-on-C3,EVEN-on-ODD
143.2080462124943,C4-on-C3,EVEN-on-ODD
130.3213754531475,C4-on-C3,EVEN-on-ODD
118.7489439953046,C4-on-C3,EVEN-on-ODD
113.61645391403475,C4-on-C3,EVEN-on-ODD
164.90027592457193,C4-on-C3,EVEN-on-ODD
523.7529236195247,C4-on-C3,EVEN-on-ODD
167.92918894581763,C4-on-C3,EVEN-on-ODD
71.48699318680283,C4-on-C3,EVEN-on-ODD
214.7870917909168,C4-on-C3,EVEN-on-ODD
151.8082757954911,C4-on-C3,EVEN-on-ODD
180.06904925611124,C4-on-C3,EVEN-on-ODD
151.4485622249357,C4-on-C3,EVEN-on-ODD
124.43681489012813,C4-on-C3,EVEN-on-ODD
172.4839053361211,C4-on-C3,EVEN-on-ODD
1076.9739202970513,C4-on-C3,EVEN-on-ODD
154.9824280362123,C4-on-C3,EVEN-on-ODD
132.62923508789427,C4-on-C3,EVEN-on-ODD
49.561908265219294,C4-on-C3,EVEN-on-ODD
168.3503703589632,C4-on-C3,EVEN-on-ODD
125.44641445653232,C4-on-C3,EVEN-on-ODD
160.10871431624204,C4-on-C3,EVEN-on-ODD
88.56056684552225,C4-on-C3,EVEN-on-ODD
125.92329808260304,C4-on-C3,EVEN-on-ODD
141.7159204182793,C4-on-C3,EVEN-on-ODD
161.48221573907207,C4-on-C3,EVEN-on-ODD
136.41393074022938,C4-on-C3,EVEN-on-ODD
101.45810416127394,C4-on-C3,EVEN-on-ODD
165.77231765285788,C4-on-C3,EVEN-on-ODD
54.86628655194435,C4-on-C3,EVEN-on-ODD
29.594548484475723,C4-on-C3,EVEN-on-ODD
190.06188965702773,C4-on-C3,EVEN-on-ODD
42.82646961868342,C4-on-C3,EVEN-on-ODD
118.37533907026481,C4-on-C3,EVEN-on-ODD
56.80724252507333,C4-on-C3,EVEN-on-ODD
142.2724611441016,C4-on-C3,EVEN-on-ODD
261.6026072117783,C4-on-C3,EVEN-on-ODD
1037.3813947145954,C4-on-C3,EVEN-on-ODD
174.97108046760147,C4-on-C3,EVEN-on-ODD
146.49983242311345,C4-on-C3,EVEN-on-ODD
105.63794062740904,C4-on-C3,EVEN-on-ODD
170.87970915237423,C4-on-C3,EVEN-on-ODD
151.3502695735961,C4-on-C3,EVEN-on-ODD
143.84986270414018,C4-on-C3,EVEN-on-ODD
106.12813057808907,C4-on-C3,EVEN-on-ODD
144.6231495992249,C4-on-C3,EVEN-on-ODD
195.68843501852632,C4-on-C3,EVEN-on-ODD
185.20625691374505,C4-on-C3,EVEN-on-ODD
28.256123230194593,C4-on-C3,EVEN-on-ODD
73.19744804294722,C4-on-C3,EVEN-on-ODD
125.39074327875903,C4-on-C3,EVEN-on-ODD
123.1326016942708,C4-on-C3,EVEN-on-ODD
104.23340971108944,C4-on-C3,EVEN-on-ODD
144.9911655929423,C4-on-C3,EVEN-on-ODD
2762.806434135407,C4-on-C3,EVEN-on-ODD
158.69502355146525,C4-on-C3,EVEN-on-ODD
133.60618436285014,C4-on-C3,EVEN-on-ODD
184.60021370789363,C4-on-C3,EVEN-on-ODD
139.02054380558212,C4-on-C3,EVEN-on-ODD
158.38353607619652,C4-on-C3,EVEN-on-ODD
163.80994353213043,C4-on-C3,EVEN-on-ODD
135.80746813043828,C4-on-C3,EVEN-on-ODD
103.07260256731645,C4-on-C3,EVEN-on-ODD
153.78608031938398,C4-on-C3,EVEN-on-ODD
99.88362678637537,C4-on-C3,EVEN-on-ODD
128.8677228789281,C4-on-C3,EVEN-on-ODD
144.9707204921043,C4-on-C3,EVEN-on-ODD
2046.5103035411287,C4-on-C3,EVEN-on-ODD
170.6041042882609,C4-on-C3,EVEN-on-ODD
165.71708451454268,C4-on-C3,EVEN-on-ODD
213.94747860164256,C4-on-C3,EVEN-on-ODD
176.8577207814238,C4-on-C3,EVEN-on-ODD
205.3165389502024,C4-on-C3,EVEN-on-ODD
134.5872776305408,C4-on-C3,EVEN-on-ODD
134.15817269178982,C4-on-C3,EVEN-on-ODD
142.19621689763864,C4-on-C3,EVEN-on-ODD
139.99411594777973,C4-on-C3,EVEN-on-ODD
116.95704382379071,C4-on-C3,EVEN-on-ODD
136.49472553912034,C4-on-C3,EVEN-on-ODD
136.6020662362041,C4-on-C3,EVEN-on-ODD
212.7428729711049,C4-on-C3,EVEN-on-ODD
89.80983019692215,C4-on-C3,EVEN-on-ODD
149.90432048476796,C4-on-C3,EVEN-on-ODD
151.78425774763238,C4-on-C3,EVEN-on-ODD
189.57696590039635,C4-on-C3,EVEN-on-ODD
198.80862783088665,C4-on-C3,EVEN-on-ODD
141.86302407604387,C4-on-C3,EVEN-on-ODD
161.60470444884908,C4-on-C3,EVEN-on-ODD
168.34935402311464,C4-on-C3,EVEN-on-ODD
145.139658605083,C4-on-C3,EVEN-on-ODD
165.63236338348818,C4-on-C3,EVEN-on-ODD
119.76330990750085,C4-on-C3,EVEN-on-ODD
152.2693652708892,C4-on-C3,EVEN-on-ODD
110.01060903385601,C4-on-C3,EVEN-on-ODD
154.2091543975267,C4-on-C3,EVEN-on-ODD
169.8753654889373,C4-on-C3,EVEN-on-ODD
223.2708973422196,C4-on-C3,EVEN-on-ODD
134.1586079981453,C4-on-C3,EVEN-on-ODD
116.95195167247144,C4-on-C3,EVEN-on-ODD
132.7052346367697,C4-on-C3,EVEN-on-ODD
140.53982531652687,C4-on-C3,EVEN-on-ODD
91.50686859465829,C4-on-C3,EVEN-on-ODD
141.65972645745154,C4-on-C3,EVEN-on-ODD
136.2003263579057,C4-on-C3,EVEN-on-ODD
145.22469659117934,C4-on-C3,EVEN-on-ODD
180.98655005275972,C4-on-C3,EVEN-on-ODD
158.15673997651814,C4-on-C3,EVEN-on-ODD
231.90537470270064,C4-on-C3,EVEN-on-ODD
152.04274596310046,C4-on-C3,EVEN-on-ODD
94.61582848551292,C4-on-C3,EVEN-on-ODD
148.81733400380472,C4-on-C3,EVEN-on-ODD
103.83926232403599,C4-on-C3,EVEN-on-ODD
141.74599747435653,C4-on-C3,EVEN-on-ODD
132.0344553516237,C4-on-C3,EVEN-on-ODD
95.16916569982082,C4-on-C3,EVEN-on-ODD
157.450818035347,C4-on-C3,EVEN-on-ODD
877.6173054925476,C4-on-C3,EVEN-on-ODD
163.80347035395883,C4-on-C3,EVEN-on-ODD
35.759442155744274,C4-on-C3,EVEN-on-ODD
140.0260007998508,C4-on-C3,EVEN-on-ODD
154.09619203601378,C4-on-C3,EVEN-on-ODD
192.3245644737038,C4-on-C3,EVEN-on-ODD
67.6972673008298,C4-on-C3,EVEN-on-ODD
118.06920385943228,C4-on-C3,EVEN-on-ODD
150.31287004112468,C4-on-C3,EVEN-on-ODD
1370.1723659452493,C4-on-C3,EVEN-on-ODD
130.24258136262546,C4-on-C3,EVEN-on-ODD
143.55846509349465,C4-on-C3,EVEN-on-ODD
165.0688123177723,C3-on-C4,ODD-on-EVEN
219.65796839859922,C3-on-C4,ODD-on-EVEN
268.47868630488983,C3-on-C4,ODD-on-EVEN
187.14814292426274,C3-on-C4,ODD-on-EVEN
122.73361438497598,C3-on-C4,ODD-on-EVEN
1454.5714866929022,C3-on-C4,ODD-on-EVEN
147.86503203935737,C3-on-C4,ODD-on-EVEN
209.94431666515717,C3-on-C4,ODD-on-EVEN
111.80728106881087,C3-on-C4,ODD-on-EVEN
101.07714331143346,C3-on-C4,ODD-on-EVEN
150.3330479302532,C3-on-C4,ODD-on-EVEN
146.25436643054442,C3-on-C4,ODD-on-EVEN
161.43467316533952,C3-on-C4,ODD-on-EVEN
117.02201245919467,C3-on-C4,ODD-on-EVEN
254.11545683015862,C3-on-C4,ODD-on-EVEN
149.6282249443597,C3-on-C4,ODD-on-EVEN
158.92618097720714,C3-on-C4,ODD-on-EVEN
116.96507299189764,C3-on-C4,ODD-on-EVEN
141.48918863291345,C3-on-C4,ODD-on-EVEN
137.5790281983409,C3-on-C4,ODD-on-EVEN
137.72657913416802,C3-on-C4,ODD-on-EVEN
169.13988884943706,C3-on-C4,ODD-on-EVEN
122.07119439081457,C3-on-C4,ODD-on-EVEN
151.4387008000267,C3-on-C4,ODD-on-EVEN
773.2558740805019,C3-on-C4,ODD-on-EVEN
136.53067237804126,C3-on-C4,ODD-on-EVEN
148.86142347834772,C3-on-C4,ODD-on-EVEN
178.36346206552506,C3-on-C4,ODD-on-EVEN
192.91948942499292,C3-on-C4,ODD-on-EVEN
161.80171383517532,C3-on-C4,ODD-on-EVEN
133.78684912950172,C3-on-C4,ODD-on-EVEN
127.7844258898557,C3-on-C4,ODD-on-EVEN
132.2834218638144,C3-on-C4,ODD-on-EVEN
127.09999881982704,C3-on-C4,ODD-on-EVEN
51.53127071012308,C3-on-C4,ODD-on-EVEN
154.36928386178357,C3-on-C4,ODD-on-EVEN
107.61910703959622,C3-on-C4,ODD-on-EVEN
130.07666585517967,C3-on-C4,ODD-on-EVEN
352.52769323841767,C3-on-C4,ODD-on-EVEN
155.4117527730773,C3-on-C4,ODD-on-EVEN
112.90243974334727,C3-on-C4,ODD-on-EVEN
210.70658414012664,C3-on-C4,ODD-on-EVEN
143.1449684760163,C3-on-C4,ODD-on-EVEN
199.70109614120705,C3-on-C4,ODD-on-EVEN
123.5775274878071,C3-on-C4,ODD-on-EVEN
195.20745426340662,C3-on-C4,ODD-on-EVEN
45.453537816103605,C3-on-C4,ODD-on-EVEN
163.0800420039193,C3-on-C4,ODD-on-EVEN
12.333085583096913,C3-on-C4,ODD-on-EVEN
170.3609970034218,C3-on-C4,ODD-on-EVEN
164.21013854205242,C3-on-C4,ODD-on-EVEN
1417.6074434765071,C3-on-C4,ODD-on-EVEN
149.02056435270995,C3-on-C4,ODD-on-EVEN
190.159380520657,C3-on-C4,ODD-on-EVEN
130.74671123970944,C3-on-C4,ODD-on-EVEN
138.45054496100767,C3-on-C4,ODD-on-EVEN
74.69285441057853,C3-on-C4,ODD-on-EVEN
170.1087346375841,C3-on-C4,ODD-on-EVEN
178.21803946539757,C3-on-C4,ODD-on-EVEN
134.43833158738593,C3-on-C4,ODD-on-EVEN
143.2723801016791,C3-on-C4,ODD-on-EVEN
137.5245887105284,C3-on-C4,ODD-on-EVEN
114.76274066089576,C3-on-C4,ODD-on-EVEN
105.34808778520934,C3-on-C4,ODD-on-EVEN
114.06997720697613,C3-on-C4,ODD-on-EVEN
181.1477786228686,C3-on-C4,ODD-on-EVEN
111.84947921201953,C3-on-C4,ODD-on-EVEN
150.8162133193906,C3-on-C4,ODD-on-EVEN
132.2466124329844,C3-on-C4,ODD-on-EVEN
114.81518279391453,C3-on-C4,ODD-on-EVEN
138.6673086924235,C3-on-C4,ODD-on-EVEN
161.64291911494277,C3-on-C4,ODD-on-EVEN
154.78520737137632,C3-on-C4,ODD-on-EVEN
155.62230720561865,C3-on-C4,ODD-on-EVEN
107.41595226036053,C3-on-C4,ODD-on-EVEN
182.39578531314856,C3-on-C4,ODD-on-EVEN
137.4934736632978,C3-on-C4,ODD-on-EVEN
118.08277943883292,C3-on-C4,ODD-on-EVEN
149.3751522174957,C3-on-C4,ODD-on-EVEN
177.78388369028255,C3-on-C4,ODD-on-EVEN
161.6301240487059,C3-on-C4,ODD-on-EVEN
204.41600353201335,C3-on-C4,ODD-on-EVEN
63.44477362241934,C3-on-C4,ODD-on-EVEN
154.49525073606657,C3-on-C4,ODD-on-EVEN
122.35109194445296,C3-on-C4,ODD-on-EVEN
161.48540646138892,C3-on-C4,ODD-on-EVEN
165.8967718191046,C3-on-C4,ODD-on-EVEN
146.19693054233431,C3-on-C4,ODD-on-EVEN
671.2903122345793,C3-on-C4,ODD-on-EVEN
121.49395910908525,C3-on-C4,ODD-on-EVEN
185.2061608046556,C3-on-C4,ODD-on-EVEN
101.3669028825482,C3-on-C4,ODD-on-EVEN
198.68711508298654,C3-on-C4,ODD-on-EVEN
159.81206087151236,C3-on-C4,ODD-on-EVEN
179.81298951966716,C3-on-C4,ODD-on-EVEN
106.7828286757753,C3-on-C4,ODD-on-EVEN
142.8920852426753,C3-on-C4,ODD-on-EVEN
142.67698062406595,C3-on-C4,ODD-on-EVEN
161.62181566855384,C3-on-C4,ODD-on-EVEN
146.59850783688083,C3-on-C4,ODD-on-EVEN
133.7866738505747,C3-on-C4,ODD-on-EVEN
143.84410067847747,C3-on-C4,ODD-on-EVEN
169.61237248502846,C3-on-C4,ODD-on-EVEN
150.93158218212707,C3-on-C4,ODD-on-EVEN
97.82832003055101,C3-on-C4,ODD-on-EVEN
132.03099586460723,C3-on-C4,ODD-on-EVEN
160.7954592020558,C3-on-C4,ODD-on-EVEN
164.3200855038719,C3-on-C4,ODD-on-EVEN
580.1199665586416,C3-on-C4,ODD-on-EVEN
170.35901972011848,C3-on-C4,ODD-on-EVEN
120.21123491587637,C3-on-C4,ODD-on-EVEN
161.5992233892229,C3-on-C4,ODD-on-EVEN
118.54089674032421,C3-on-C4,ODD-on-EVEN
153.38138120384713,C3-on-C4,ODD-on-EVEN
167.91928924337427,C3-on-C4,ODD-on-EVEN
154.83907291120065,C3-on-C4,ODD-on-EVEN
38.07895087840556,C3-on-C4,ODD-on-EVEN
139.88173576275082,C3-on-C4,ODD-on-EVEN
214.28435243852888,C3-on-C4,ODD-on-EVEN
126.6768427929903,C3-on-C4,ODD-on-EVEN
168.80094934567146,C3-on-C4,ODD-on-EVEN
94.33990884031985,C3-on-C4,ODD-on-EVEN
133.97672185868802,C3-on-C4,ODD-on-EVEN
167.06498526022787,C3-on-C4,ODD-on-EVEN
142.26233373595412,C3-on-C4,ODD-on-EVEN
158.2992207814058,C3-on-C4,ODD-on-EVEN
96.99824998421401,C3-on-C4,ODD-on-EVEN
172.6665193371316,C3-on-C4,ODD-on-EVEN
133.21232713228898,C3-on-C4,ODD-on-EVEN
198.86625279317744,C3-on-C4,ODD-on-EVEN
157.42948516716936,C3-on-C4,ODD-on-EVEN
136.70100950614787,C3-on-C4,ODD-on-EVEN
123.0492117000347,C3-on-C4,ODD-on-EVEN
130.1519423596896,C3-on-C4,ODD-on-EVEN
130.01242034513464,C3-on-C4,ODD-on-EVEN
1153.0832246633363,C3-on-C4,ODD-on-EVEN
99.94845671645018,C3-on-C4,ODD-on-EVEN
70.49036529909576,C3-on-C4,ODD-on-EVEN
133.5926079541826,C3-on-C4,ODD-on-EVEN
206.83889987137422,C3-on-C4,ODD-on-EVEN
162.72491204483703,C3-on-C4,ODD-on-EVEN
340.76856750586603,C3-on-C4,ODD-on-EVEN
132.09405323480684,C3-on-C4,ODD-on-EVEN
94.01552424998701,C3-on-C4,ODD-on-EVEN
157.9448068155456,C3-on-C4,ODD-on-EVEN
106.36578256187508,C3-on-C4,ODD-on-EVEN
117.61631264412263,C3-on-C4,ODD-on-EVEN
146.81566197105846,C3-on-C4,ODD-on-EVEN
180.13944931635575,C3-on-C4,ODD-on-EVEN
90.51722101346259,C3-on-C4,ODD-on-EVEN
146.18792323581386,C3-on-C4,ODD-on-EVEN
227.6175882922936,C3-on-C4,ODD-on-EVEN
152.8967327970087,C3-on-C4,ODD-on-EVEN
237.26465392046893,C3-on-C4,ODD-on-EVEN
130.71458908629964,C3-on-C4,ODD-on-EVEN
196.33472591469885,C3-on-C4,ODD-on-EVEN
125.27153467567926,C3-on-C4,ODD-on-EVEN
143.32618916304224,C3-on-C4,ODD-on-EVEN
150.88141867042353,C3-on-C4,ODD-on-EVEN
84.63627118440476,C3-on-C4,ODD-on-EVEN
87.1456694276885,C3-on-C4,ODD-on-EVEN
202.0178311436891,C3-on-C4,ODD-on-EVEN
165.50064320116775,C3-on-C4,ODD-on-EVEN
160.97898775927288,C3-on-C4,ODD-on-EVEN
343.20569531987474,C3-on-C4,ODD-on-EVEN
140.80276417741234,C3-on-C4,ODD-on-EVEN
205.7718700405871,C3-on-C4,ODD-on-EVEN
171.97607915056042,C3-on-C4,ODD-on-EVEN
38.915138442512074,C3-on-C4,ODD-on-EVEN
146.68330000378418,C3-on-C4,ODD-on-EVEN
123.94731057993926,C3-on-C4,ODD-on-EVEN
66.14111353764919,C3-on-C4,ODD-on-EVEN
638.7707714822272,C3-on-C4,ODD-on-EVEN
156.39692100549777,C3-on-C4,ODD-on-EVEN
40.790019612644564,C3-on-C4,ODD-on-EVEN
129.04787522466316,C3-on-C4,ODD-on-EVEN
142.82252483414516,C3-on-C4,ODD-on-EVEN
107.36769765623141,C3-on-C4,ODD-on-EVEN
146.3102815936042,C3-on-C4,ODD-on-EVEN
221.68970386556072,C3-on-C4,ODD-on-EVEN
192.61676796167,C3-on-C4,ODD-on-EVEN
200.21580082500947,C3-on-C4,ODD-on-EVEN
165.43164781866935,C3-on-C4,ODD-on-EVEN
142.75340626409047,C3-on-C4,ODD-on-EVEN
144.602201228059,C3-on-C4,ODD-on-EVEN
743.0340313202353,C3-on-C4,ODD-on-EVEN
132.90801668823508,C3-on-C4,ODD-on-EVEN
163.34089047143135,C3-on-C4,ODD-on-EVEN
165.0688123177723,C4-on-C3,EVEN-on-ODD
219.65796839859922,C4-on-C3,EVEN-on-ODD
268.47868630488983,C4-on-C3,EVEN-on-ODD
187.14814292426274,C4-on-C3,EVEN-on-ODD
122.73361438497598,C4-on-C3,EVEN-on-ODD
147.86503203935737,C4-on-C3,EVEN-on-ODD
209.94431666515717,C4-on-C3,EVEN-on-ODD
111.80728106881087,C4-on-C3,EVEN-on-ODD
101.07714331143346,C4-on-C3,EVEN-on-ODD
150.3330479302532,C4-on-C3,EVEN-on-ODD
146.25436643054442,C4-on-C3,EVEN-on-ODD
254.11545683015862,C4-on-C3,EVEN-on-ODD
161.43467316533952,C4-on-C3,EVEN-on-ODD
117.02201245919467,C4-on-C3,EVEN-on-ODD
149.6282249443597,C4-on-C3,EVEN-on-ODD
158.92618097720714,C4-on-C3,EVEN-on-ODD
116.96507299189764,C4-on-C3,EVEN-on-ODD
141.48918863291345,C4-on-C3,EVEN-on-ODD
137.5790281983409,C4-on-C3,EVEN-on-ODD
137.72657913416802,C4-on-C3,EVEN-on-ODD
169.13988884943706,C4-on-C3,EVEN-on-ODD
122.07119439081457,C4-on-C3,EVEN-on-ODD
773.2558740805019,C4-on-C3,EVEN-on-ODD
151.4387008000267,C4-on-C3,EVEN-on-ODD
136.53067237804126,C4-on-C3,EVEN-on-ODD
148.86142347834772,C4-on-C3,EVEN-on-ODD
178.36346206552506,C4-on-C3,EVEN-on-ODD
192.91948942499292,C4-on-C3,EVEN-on-ODD
161.80171383517532,C4-on-C3,EVEN-on-ODD
133.78684912950172,C4-on-C3,EVEN-on-ODD
127.7844258898557,C4-on-C3,EVEN-on-ODD
127.09999881982704,C4-on-C3,EVEN-on-ODD
132.2834218638144,C4-on-C3,EVEN-on-ODD
51.53127071012308,C4-on-C3,EVEN-on-ODD
154.36928386178357,C4-on-C3,EVEN-on-ODD
107.61910703959622,C4-on-C3,EVEN-on-ODD
130.07666585517967,C4-on-C3,EVEN-on-ODD
155.4117527730773,C4-on-C3,EVEN-on-ODD
454.4999459845937,C4-on-C3,EVEN-on-ODD
112.90243974334727,C4-on-C3,EVEN-on-ODD
210.70658414012664,C4-on-C3,EVEN-on-ODD
143.1449684760163,C4-on-C3,EVEN-on-ODD
199.70109614120705,C4-on-C3,EVEN-on-ODD
123.5775274878071,C4-on-C3,EVEN-on-ODD
195.20745426340662,C4-on-C3,EVEN-on-ODD
45.453537816103605,C4-on-C3,EVEN-on-ODD
163.0800420039193,C4-on-C3,EVEN-on-ODD
12.333085583096913,C4-on-C3,EVEN-on-ODD
170.3609970034218,C4-on-C3,EVEN-on-ODD
164.21013854205242,C4-on-C3,EVEN-on-ODD
149.02056435270995,C4-on-C3,EVEN-on-ODD
190.159380520657,C4-on-C3,EVEN-on-ODD
130.74671123970944,C4-on-C3,EVEN-on-ODD
138.45054496100767,C4-on-C3,EVEN-on-ODD
74.69285441057853,C4-on-C3,EVEN-on-ODD
661.2961059918624,C4-on-C3,EVEN-on-ODD
170.1087346375841,C4-on-C3,EVEN-on-ODD
178.21803946539757,C4-on-C3,EVEN-on-ODD
143.2723801016791,C4-on-C3,EVEN-on-ODD
134.43833158738593,C4-on-C3,EVEN-on-ODD
137.5245887105284,C4-on-C3,EVEN-on-ODD
114.76274066089576,C4-on-C3,EVEN-on-ODD
105.34808778520934,C4-on-C3,EVEN-on-ODD
114.06997720697613,C4-on-C3,EVEN-on-ODD
181.1477786228686,C4-on-C3,EVEN-on-ODD
111.84947921201953,C4-on-C3,EVEN-on-ODD
150.8162133193906,C4-on-C3,EVEN-on-ODD
132.2466124329844,C4-on-C3,EVEN-on-ODD
114.81518279391453,C4-on-C3,EVEN-on-ODD
138.6673086924235,C4-on-C3,EVEN-on-ODD
161.64291911494277,C4-on-C3,EVEN-on-ODD
155.62230720561865,C4-on-C3,EVEN-on-ODD
760.237390885242,C4-on-C3,EVEN-on-ODD
154.78520737137632,C4-on-C3,EVEN-on-ODD
107.41595226036053,C4-on-C3,EVEN-on-ODD
182.39578531314856,C4-on-C3,EVEN-on-ODD
137.4934736632978,C4-on-C3,EVEN-on-ODD
118.08277943883292,C4-on-C3,EVEN-on-ODD
149.3751522174957,C4-on-C3,EVEN-on-ODD
944.2061776963756,C4-on-C3,EVEN-on-ODD
177.78388369028255,C4-on-C3,EVEN-on-ODD
161.6301240487059,C4-on-C3,EVEN-on-ODD
204.41600353201335,C4-on-C3,EVEN-on-ODD
63.44477362241934,C4-on-C3,EVEN-on-ODD
154.49525073606657,C4-on-C3,EVEN-on-ODD
161.48540646138892,C4-on-C3,EVEN-on-ODD
122.35109194445296,C4-on-C3,EVEN-on-ODD
165.8967718191046,C4-on-C3,EVEN-on-ODD
146.19693054233431,C4-on-C3,EVEN-on-ODD
121.49395910908525,C4-on-C3,EVEN-on-ODD
185.2061608046556,C4-on-C3,EVEN-on-ODD
101.3669028825482,C4-on-C3,EVEN-on-ODD
198.68711508298654,C4-on-C3,EVEN-on-ODD
159.81206087151236,C4-on-C3,EVEN-on-ODD
179.81298951966716,C4-on-C3,EVEN-on-ODD
106.7828286757753,C4-on-C3,EVEN-on-ODD
161.62181566855384,C4-on-C3,EVEN-on-ODD
142.8920852426753,C4-on-C3,EVEN-on-ODD
142.67698062406595,C4-on-C3,EVEN-on-ODD
146.59850783688083,C4-on-C3,EVEN-on-ODD
133.7866738505747,C4-on-C3,EVEN-on-ODD
143.84410067847747,C4-on-C3,EVEN-on-ODD
97.82832003055101,C4-on-C3,EVEN-on-ODD
169.61237248502846,C4-on-C3,EVEN-on-ODD
150.93158218212707,C4-on-C3,EVEN-on-ODD
132.03099586460723,C4-on-C3,EVEN-on-ODD
160.7954592020558,C4-on-C3,EVEN-on-ODD
164.3200855038719,C4-on-C3,EVEN-on-ODD
170.35901972011848,C4-on-C3,EVEN-on-ODD
120.21123491587637,C4-on-C3,EVEN-on-ODD
161.5992233892229,C4-on-C3,EVEN-on-ODD
118.54089674032421,C4-on-C3,EVEN-on-ODD
153.38138120384713,C4-on-C3,EVEN-on-ODD
167.91928924337427,C4-on-C3,EVEN-on-ODD
154.83907291120065,C4-on-C3,EVEN-on-ODD
38.07895087840556,C4-on-C3,EVEN-on-ODD
139.88173576275082,C4-on-C3,EVEN-on-ODD
214.28435243852888,C4-on-C3,EVEN-on-ODD
126.6768427929903,C4-on-C3,EVEN-on-ODD
168.80094934567146,C4-on-C3,EVEN-on-ODD
94.33990884031985,C4-on-C3,EVEN-on-ODD
133.97672185868802,C4-on-C3,EVEN-on-ODD
167.06498526022787,C4-on-C3,EVEN-on-ODD
142.26233373595412,C4-on-C3,EVEN-on-ODD
158.2992207814058,C4-on-C3,EVEN-on-ODD
96.99824998421401,C4-on-C3,EVEN-on-ODD
172.6665193371316,C4-on-C3,EVEN-on-ODD
133.21232713228898,C4-on-C3,EVEN-on-ODD
198.86625279317744,C4-on-C3,EVEN-on-ODD
157.42948516716936,C4-on-C3,EVEN-on-ODD
136.70100950614787,C4-on-C3,EVEN-on-ODD
123.0492117000347,C4-on-C3,EVEN-on-ODD
130.1519423596896,C4-on-C3,EVEN-on-ODD
130.01242034513464,C4-on-C3,EVEN-on-ODD
99.94845671645018,C4-on-C3,EVEN-on-ODD
70.49036529909576,C4-on-C3,EVEN-on-ODD
162.72491204483703,C4-on-C3,EVEN-on-ODD
133.5926079541826,C4-on-C3,EVEN-on-ODD
206.83889987137422,C4-on-C3,EVEN-on-ODD
340.76856750586603,C4-on-C3,EVEN-on-ODD
132.09405323480684,C4-on-C3,EVEN-on-ODD
94.01552424998701,C4-on-C3,EVEN-on-ODD
157.9448068155456,C4-on-C3,EVEN-on-ODD
106.36578256187508,C4-on-C3,EVEN-on-ODD
117.61631264412263,C4-on-C3,EVEN-on-ODD
146.81566197105846,C4-on-C3,EVEN-on-ODD
180.13944931635575,C4-on-C3,EVEN-on-ODD
90.51722101346259,C4-on-C3,EVEN-on-ODD
146.18792323581386,C4-on-C3,EVEN-on-ODD
227.6175882922936,C4-on-C3,EVEN-on-ODD
152.8967327970087,C4-on-C3,EVEN-on-ODD
237.26465392046893,C4-on-C3,EVEN-on-ODD
130.71458908629964,C4-on-C3,EVEN-on-ODD
196.33472591469885,C4-on-C3,EVEN-on-ODD
125.27153467567926,C4-on-C3,EVEN-on-ODD
143.32618916304224,C4-on-C3,EVEN-on-ODD
150.88141867042353,C4-on-C3,EVEN-on-ODD
84.63627118440476,C4-on-C3,EVEN-on-ODD
87.1456694276885,C4-on-C3,EVEN-on-ODD
549.3090416150094,C4-on-C3,EVEN-on-ODD
202.0178311436891,C4-on-C3,EVEN-on-ODD
165.50064320116775,C4-on-C3,EVEN-on-ODD
160.97898775927288,C4-on-C3,EVEN-on-ODD
140.80276417741234,C4-on-C3,EVEN-on-ODD
205.7718700405871,C4-on-C3,EVEN-on-ODD
171.97607915056042,C4-on-C3,EVEN-on-ODD
38.915138442512074,C4-on-C3,EVEN-on-ODD
146.68330000378418,C4-on-C3,EVEN-on-ODD
66.14111353764919,C4-on-C3,EVEN-on-ODD
123.94731057993926,C4-on-C3,EVEN-on-ODD
156.39692100549777,C4-on-C3,EVEN-on-ODD
770.3558131149532,C4-on-C3,EVEN-on-ODD
129.04787522466316,C4-on-C3,EVEN-on-ODD
40.790019612644564,C4-on-C3,EVEN-on-ODD
142.82252483414516,C4-on-C3,EVEN-on-ODD
107.36769765623141,C4-on-C3,EVEN-on-ODD
146.3102815936042,C4-on-C3,EVEN-on-ODD
221.68970386556072,C4-on-C3,EVEN-on-ODD
192.61676796167,C4-on-C3,EVEN-on-ODD
241.23008456658116,C4-on-C3,EVEN-on-ODD
200.21580082500947,C4-on-C3,EVEN-on-ODD
165.43164781866935,C4-on-C3,EVEN-on-ODD
142.75340626409047,C4-on-C3,EVEN-on-ODD
144.602201228059,C4-on-C3,EVEN-on-ODD
1809.7793706692535,C4-on-C3,EVEN-on-ODD
132.90801668823508,C4-on-C3,EVEN-on-ODD
163.34089047143135,C4-on-C3,EVEN-on-ODD
