,nn_distances_data,nn_distances_sim
0,351.6551779940117,45.0111097397076
1,351.6551779940117,579.2451985126851
2,339.73384743354626,130.6330739131557
3,235.379419059951,276.3837911311009
4,158.6678030761123,15.033296378372908
5,158.6678030761123,112.89818421923357
6,339.73384743354626,408.1188552370498
7,144.28922052946285,651.5558303015944
8,144.28922052946285,111.8659912573969
9,153.76612704038573,112.89818421923357
10,153.76612704038573,98.6154146165801
11,799.7407201218406,98.6154146165801
12,250.49098133865027,7.0710678118654755
13,250.49098133865027,277.71388153997634
14,129.75596445635927,45.0111097397076
15,289.2372876722501,86.83317338436964
16,129.75596445635927,144.3918280236108
17,76.27300786647928,110.3177229641729
18,168.5251095475092,111.8659912573969
19,76.27300786647928,7.0710678118654755
20,196.53734232710076,104.6900186264192
21,87.35818405278359,246.9534369066363
22,196.53734232710076,130.6330739131557
23,108.2047984379619,204.91949638821583
24,101.71496576708857,15.033296378372908
25,62.203310112887095,86.83317338436964
26,108.2047984379619,125.25573839150046
27,62.203310112887095,89.08984229416954
28,101.71496576708857,42.42640687119285
29,164.78059809334334,99.29753269845128
30,239.91439890094136,186.9545399288287
31,153.55528558144786,157.3848785620779
32,218.4953124462858,364.6066373504465
33,239.91439890094136,364.6066373504465
34,137.21039923416873,125.25573839150046
35,137.21039923416873,201.37527157027003
36,95.77139433567831,186.9545399288287
37,41.641669322927086,217.24870540465827
38,41.641669322927086,243.2385660210979
39,211.37417023373493,46.647615158762406
40,227.80877449299444,207.42227459942677
41,119.66540481275271,296.096268129134
42,330.9424688144451,285.44876948412303
43,82.25606800716886,518.555686498567
44,82.25606800716886,149.96666296213968
45,58.46179367758045,636.4306717938726
46,57.93510442728161,46.647615158762406
47,407.8526278902711,42.42640687119285
48,57.93510442728161,98.95453501482385
49,309.8039578217166,99.29753269845128
50,83.32299755169637,466.93254330791723
51,80.34261019533793,571.0560392816103
52,161.69482605513372,251.372233947984
53,80.34261019533793,135.07405376311175
54,350.0426278155274,180.34688796871433
55,388.85975334688476,33.1058907144937
56,131.94287616237582,234.07691043757393
57,131.94287616237582,234.6422809299296
58,319.6273270936012,119.77478866606278
59,193.27864271564002,252.03967941576184
60,161.72140164183585,122.28654872879518
61,193.27864271564002,252.03967941576184
62,161.72140164183585,141.0319112825179
63,182.07269451787658,134.01492454200763
64,413.69643121617554,201.52667317256046
65,89.25004565264939,78.49203781276162
66,89.25004565264939,30.59411708155671
67,40.75346586488092,124.80785231707178
68,40.75346586488092,30.59411708155671
69,60.29256236054324,134.01492454200763
70,179.17296385336712,122.28654872879518
71,179.17296385336712,119.77478866606278
72,298.52619407013503,135.07405376311175
73,355.48022058758767,124.80785231707178
74,233.3004997444282,33.1058907144937
75,144.66497053537157,251.372233947984
76,318.38214229130375,141.0319112825179
77,144.66497053537157,313.1149948501349
78,233.3004997444282,317.8238505839359
79,462.4122967223082,7.211102550927978
80,462.4122967223082,104.23531071570709
81,215.6676148266122,278.28941769316344
82,215.6676148266122,90.4267659490264
83,812.1030532075349,23.345235059857504
84,1098.421135625585,23.345235059857504
85,736.2043130381674,124.90796611905904
86,139.6104574664807,185.60711193270586
87,139.6104574664807,104.23531071570709
88,468.39720701558406,124.90796611905904
89,252.74373955649227,6.4031242374328485
90,454.0549699320557,64.28841264178172
91,95.81433748662056,275.5721321178903
92,95.81433748662056,275.5721321178903
93,105.08867084514864,248.93774322107123
94,105.08867084514864,383.3131878764413
95,334.4529781314556,6.4031242374328485
96,452.43405067368667,64.28841264178172
97,321.5432122825794,103.22790320451152
98,291.70847133568117,7.211102550927978
99,44.753169027455854,103.22790320451152
100,44.753169027455854,253.80504329110562
101,176.50454258743602,253.80504329110562
102,454.0358937496022,185.60711193270586
103,108.45216023666839,358.8983142897163
104,288.8848072329177,62.0966987850401
105,108.45216023666839,63.56099432828282
106,240.48561121405984,123.01625908797584
107,189.43483792058942,300.6409819036653
108,351.1773124818857,94.04786015641186
109,147.85427537274668,62.0966987850401
110,127.03435811228395,107.48953437428223
111,127.03435811228395,460.440006949874
112,191.13671984472273,298.67038688159226
113,152.63379489811555,97.6165969494942
114,142.91523196986387,63.56099432828282
115,191.13671984472273,259.6247291765559
116,152.63379489811555,33.60059523282288
117,172.47269423592834,31.622776601683793
118,199.3912707617863,97.6165969494942
119,171.93591953108594,298.67038688159226
120,239.4128251744255,295.0271173977063
121,72.09682979160729,578.7521058277024
122,82.6029122065317,123.82245353731285
123,77.8987438217077,31.622776601683793
124,72.09682979160729,94.04786015641186
125,104.30888963554374,33.60059523282288
126,82.6029122065317,343.02332282222443
127,104.30888963554374,43.01162633521314
128,97.35197748890351,123.01625908797584
129,80.11996112080945,123.82245353731285
130,97.35197748890351,556.2463483026203
131,40.25705962933711,130.77079184588584
132,40.25705962933711,76.05918747922567
133,185.44549125012472,247.8225171367606
134,129.47608377225495,101.17806086301516
135,238.76779893863366,76.55063683601855
136,98.93703060533001,423.19026453830435
137,62.9311920274835,76.55063683601855
138,98.93703060533001,87.20665112249179
139,62.9311920274835,87.20665112249179
140,142.57727997475618,93.637599285757
141,203.6089873900462,262.41951146970763
142,136.1793991945918,76.05918747922567
143,137.71094553810906,39.319206502675
144,148.2866845606846,654.2759356724042
145,117.33206242967007,496.6628635201146
146,95.81223580524575,149.6262009141447
147,137.71094553810906,159.90622251807463
148,148.2866845606846,54.589376255824725
149,117.33206242967007,280.19457525084243
150,79.4149193099127,324.56278283253613
151,79.4149193099127,93.637599285757
152,325.15841340798767,66.60330322138685
153,92.6002193085956,66.60330322138685
154,164.9275535803522,101.17806086301516
155,92.6002193085956,39.319206502675
156,164.9275535803522,154.77725931156684
157,311.07983333543183,651.2342128604731
158,306.4625028368072,74.02702209328699
159,234.25106552158948,45.09988913511872
160,202.1705267960688,2.0
161,39.979629425496206,2.0
162,138.6559658507343,185.43192821086663
163,39.979629425496206,74.02702209328699
164,49.649115772589454,82.29216244576394
165,43.86011021417973,357.1064267133819
166,43.86011021417973,67.60177512462228
167,84.88738634214154,129.84991336154215
168,45.68137477134421,16.64331697709324
169,125.57625862001147,447.97321348491363
170,113.69539479240147,45.09988913511872
171,91.4219807540835,185.43192821086663
172,46.184297732021335,148.06079832285116
173,46.184297732021335,113.22543883774529
174,91.4219807540835,13.341664064126334
175,176.59360900100552,114.63420083029322
176,200.09467671579864,96.04686356149273
177,96.48327167960261,16.64331697709324
178,211.47613928053445,67.60177512462228
179,96.48327167960261,447.97321348491363
180,176.59360900100552,13.341664064126334
181,92.30606125818615,82.29216244576394
182,134.90665111105523,379.8855090681928
183,167.56627150473932,320.6134744517142
184,92.30606125818615,87.02298546935747
185,79.755336379455,126.77933585565118
186,134.90665111105523,173.80736463107655
187,307.63038545631343,152.16109883935513
188,178.71218363894505,79.12016177940993
189,79.755336379455,48.27007354458868
190,167.56627150473932,173.80736463107655
191,134.28421453767382,73.7563556583431
192,134.28421453767382,116.0
193,178.71218363894505,48.27007354458868
194,307.63038545631343,86.20904824900923
195,136.5083076226499,232.39836488237177
196,244.07734243472873,232.39836488237177
197,255.10632156808657,315.90188350182405
198,538.5134244612663,73.7563556583431
199,209.64799665391502,87.02298546935747
200,209.64799665391502,86.20904824900923
201,328.8628569723252,79.12016177940993
202,260.8515261925833,152.16109883935513
203,307.1794004681955,205.5723716845238
204,332.1287317366564,309.58843647655834
205,307.1794004681955,557.1373259798701
206,280.96411942452704,174.3244102241565
207,316.21768360577187,292.4790590794493
208,266.43062950794535,182.0
209,73.88645002975854,178.4432682955566
210,73.88645002975854,111.48542505637228
211,441.49084674543354,231.1384866265244
212,266.43062950794535,112.05802068571441
213,415.22552373017726,103.32473082471591
214,586.6211106276348,13.0
215,188.05069131752745,167.7647161950331
216,683.8767726425573,243.6554944999189
217,264.43456343866995,111.48542505637228
218,188.05069131752745,144.04513181638595
219,194.16215935397923,182.0
220,280.0820007515656,848.4085100940466
221,194.16215935397923,13.0
222,135.5071933145987,44.40720662234904
223,168.3610414436784,13.0
224,135.5071933145987,70.49113419430843
225,102.38282436522269,103.32473082471591
226,78.11590994157349,44.40720662234904
227,113.67407479280389,241.49741199441456
228,152.0362832550176,144.04513181638595
229,78.11590994157349,95.02105029939419
230,102.38282436522269,282.51902590799085
231,30.538107292365144,70.49113419430843
232,30.538107292365144,13.0
233,162.3050994793447,167.7647161950331
234,82.18548847576436,328.4402533186211
235,47.934776446751044,95.08417323613851
236,47.934776446751044,176.69465187152667
237,82.18548847576436,95.08417323613851
238,102.56339623861922,163.36768346279504
239,162.3050994793447,170.42300314218147
240,125.57834820143167,64.62197768561404
241,261.2745761263426,171.49344010777787
242,139.06733485617696,103.61949623502326
243,345.63280162044816,13.892443989449804
244,234.33363048440114,5.0
245,110.04109825878682,81.83520025025906
246,110.04109825878682,328.4402533186211
247,234.33363048440114,4.123105625617661
248,254.07126657691933,176.69465187152667
249,128.1101435523355,1125.1777637333578
250,322.5194559232047,5.0
251,128.1101435523355,157.91770008456936
252,161.49574142992137,170.42300314218147
253,254.07126657691933,4.123105625617661
254,440.38380495313413,163.36768346279504
255,495.81349716299565,81.83520025025906
256,442.15185717692077,141.52384958020326
257,163.6442246490844,148.77163708180402
258,247.62280703723565,523.9942747778834
259,68.50775174387226,13.892443989449804
260,68.50775174387226,81.12336284942828
261,377.59977451264416,1032.699375423458
262,134.12622631312644,311.8236681203016
263,247.62280703723565,428.51487722131657
264,260.9019781067213,61.07372593840988
265,273.37901685571995,164.7573974060042
266,259.72950560535105,183.76343488300387
267,260.9019781067213,82.46211251235322
268,180.4665374660909,241.40422531513403
269,264.4618889310896,146.98639392814562
270,172.11503252476228,64.07027391856539
271,219.8013068659966,201.5589243868899
272,180.4665374660909,311.8236681203016
273,125.82221085722509,58.05170109479997
274,125.82221085722509,81.12336284942828
275,255.69070052897894,14.560219778561036
276,255.69070052897894,75.17978451685
277,309.6363197559358,58.05170109479997
278,251.39843893111208,82.46211251235322
279,179.8545204602878,102.48902380255166
280,179.8545204602878,14.560219778561036
281,270.5546030841094,61.07372593840988
282,380.1313949491674,164.7573974060042
283,126.3499677087414,252.42028444639706
284,126.3499677087414,146.98639392814562
285,1616.6655188136474,201.5589243868899
286,151.78032431115713,114.33722053644648
287,151.78032431115713,309.01294471267704
288,366.5193952862522,307.02605752606735
289,325.5721201592666,388.9730067755345
290,311.677499941847,309.01294471267704
291,215.08290574799298,132.30646242719968
292,194.80082825799266,13.341664064126334
293,194.80082825799266,479.64257525786843
294,98.40907292521352,34.36568055487916
295,98.40907292521352,55.00909015790027
296,216.742883989302,65.92419889539804
297,216.742883989302,787.9961928842042
298,254.68593770760089,189.51780918953236
299,114.70717712941963,70.3420215802759
300,110.6928117810729,65.92419889539804
301,114.70717712941963,55.00909015790027
302,110.6928117810729,319.2146613174276
303,267.0230336132072,49.24428900898052
304,113.7095562211022,34.36568055487916
305,113.7095562211022,121.75795661885921
306,251.27497524624292,13.341664064126334
307,65.70677016107241,189.51780918953236
308,65.70677016107241,109.37092849564732
309,74.4629532922247,70.3420215802759
310,74.4629532922247,406.5390510147826
311,68.4908386647441,49.24428900898052
312,79.7059855217912,5.0
313,68.4908386647441,222.43425995111454
314,79.7059855217912,47.50789408087881
315,93.11256397500806,144.3606594609487
316,,47.50789408087881
317,,486.8233765956602
318,,115.31261856362468
319,,5.0
320,,220.00454540758926
321,,144.3606594609487
322,,355.178828197853
323,,63.97655820689325
324,,179.0111728356641
325,,296.14354627443765
326,,115.31261856362468
327,,211.52068456772733
328,,108.77959367454909
329,,159.42396306703708
330,,442.93679007280485
331,,131.18688958886096
332,,60.802960454241045
333,,63.97655820689325
334,,108.77959367454909
335,,60.802960454241045
336,,355.178828197853
337,,255.53864678361276
338,,370.2769233965303
339,,69.00724599634447
340,,46.75467891024384
341,,133.13526955694348
342,,124.86793023030373
343,,370.2769233965303
344,,288.0850568842473
345,,280.5726287434325
346,,346.07080200444534
347,,116.76043850551436
348,,280.0303554973996
349,,32.802438933713454
350,,32.802438933713454
351,,6.324555320336759
352,,282.93108701590216
353,,346.07080200444534
354,,104.69479452198185
355,,149.46571513226704
356,,6.324555320336759
357,,46.75467891024384
358,,104.69479452198185
359,,124.86793023030373
360,,69.00724599634447
361,,330.18328243568
362,,218.93606372637652
363,,880.6202359700803
364,,199.71980372511885
365,,67.60177512462228
366,,410.8357335967747
367,,35.22782990761707
368,,354.24426600863984
369,,137.53544997563355
370,,53.16013544000805
371,,289.394194827747
372,,137.53544997563355
373,,149.77650015940418
374,,290.30328968167066
375,,365.24649211183396
376,,35.22782990761707
377,,297.3112846832424
378,,227.75864418282788
379,,449.1102314577124
380,,297.3112846832424
381,,236.17154782064668
382,,364.01785670486004
383,,481.77691933092854
384,,227.75864418282788
385,,199.71980372511885
386,,67.60177512462228
387,,236.17154782064668
388,,114.5294721894762
389,,114.5294721894762
390,,32.01562118716424
391,,13.152946437965905
392,,32.01562118716424
393,,67.11929677819934
394,,186.3249849054066
395,,98.48857801796105
396,,323.1857051294194
397,,403.8873605350878
398,,365.0054794109261
399,,14.317821063276353
400,,392.3901120058965
401,,192.93781381574738
402,,323.1857051294194
403,,383.275357934736
404,,47.07440918375928
405,,2.0
406,,2.0
407,,14.212670403551895
408,,186.3249849054066
409,,38.2099463490856
410,,292.205407205274
411,,14.317821063276353
412,,292.205407205274
413,,13.152946437965905
414,,83.60023923410746
415,,365.0054794109261
416,,341.2110783664563
417,,13.152946437965905
418,,297.5113443215233
419,,65.19202405202648
420,,91.60785992479029
421,,341.2110783664563
422,,62.24146527838174
423,,67.02984409947557
424,,115.24755962709145
425,,47.41307836451879
426,,47.41307836451879
427,,195.48913013259843
428,,15.620499351813308
429,,67.02984409947557
430,,70.68238818828917
431,,226.81490250863146
432,,62.24146527838174
433,,195.48913013259843
434,,91.60785992479029
435,,115.24755962709145
436,,446.7885405871552
437,,84.64632301523794
438,,13.152946437965905
439,,228.65038814749474
440,,70.68238818828917
441,,15.620499351813308
442,,30.364452901377952
443,,355.0281678965769
444,,117.44360348695028
445,,43.93176527297759
446,,465.8755198548213
447,,418.9224271867048
448,,82.00609733428362
449,,324.32237048961025
450,,198.21705274773913
451,,30.364452901377952
452,,28.635642126552707
453,,291.10994486619654
454,,366.5528611264684
455,,366.5528611264684
456,,198.21705274773913
457,,77.6659513557904
458,,77.6659513557904
459,,59.135437767890075
460,,291.10994486619654
461,,82.00609733428362
462,,324.32237048961025
463,,43.46262762420146
464,,55.90169943749474
465,,328.24685832464564
466,,28.635642126552707
467,,211.53959440256097
468,,194.33990840792325
469,,14.7648230602334
470,,105.1094667477673
471,,14.7648230602334
472,,333.1606219228197
473,,114.72575996697516
474,,287.89234098878006
475,,259.71715384240605
476,,114.72575996697516
477,,116.1077086157504
478,,145.01379244747721
479,,287.89234098878006
480,,182.54314558481784
481,,151.00331122197287
482,,104.34557968596465
483,,189.08199279677586
484,,104.34557968596465
485,,45.31004303683677
486,,45.31004303683677
487,,182.54314558481784
488,,116.1077086157504
489,,259.71715384240605
490,,151.00331122197287
491,,426.07511074926686
492,,257.12642804659345
493,,105.1094667477673
494,,385.05324307165625
495,,93.23089616645332
496,,63.50590523722971
497,,275.74807342935327
498,,54.405882034941776
499,,170.83617883809038
500,,279.54427198567316
501,,54.405882034941776
502,,818.0006112467154
503,,53.08483775994799
504,,66.48308055437865
505,,16.401219466856727
506,,75.7099729229908
507,,122.20065466273084
508,,279.54427198567316
509,,244.91018761987016
510,,16.401219466856727
511,,66.48308055437865
512,,355.31676008879737
513,,205.7668583615933
514,,122.20065466273084
515,,79.76214641043707
516,,72.56031973468694
517,,79.76214641043707
518,,174.4161689752415
519,,205.7668583615933
520,,182.54314558481784
521,,146.4137971640651
522,,146.4137971640651
523,,139.20488497175666
524,,594.8714146771553
525,,263.0684321616716
526,,274.60881267723363
527,,187.88294228055935
528,,266.5933232472261
529,,266.5933232472261
530,,183.48024416813925
531,,50.695167422546305
532,,80.0
533,,182.54314558481784
534,,274.3082208028042
535,,169.2010638264429
536,,378.5828839237189
537,,169.2010638264429
538,,72.56721022610694
539,,72.56721022610694
540,,50.695167422546305
541,,183.48024416813925
542,,313.04951684997053
543,,139.20488497175666
544,,334.6072324382723
545,,334.6072324382723
546,,177.0790783802536
547,,42.720018726587654
548,,79.61155694998057
549,,498.6481725625794
550,,177.0790783802536
551,,133.843191832831
552,,308.76528302255747
553,,77.0
554,,77.0
555,,15.132745950421556
556,,396.8904130865345
557,,269.3566409056959
558,,269.3566409056959
559,,15.132745950421556
560,,133.9589489358587
561,,133.9589489358587
562,,54.20332093147061
563,,396.8904130865345
564,,269.8758974047145
565,,251.6286947071021
566,,308.76528302255747
567,,164.2954655491137
568,,619.4941484792249
569,,133.843191832831
570,,54.20332093147061
571,,85.61541917201598
572,,536.1734793889008
573,,106.04244433244644
574,,369.43876353192826
575,,38.897300677553446
576,,62.12889826803627
577,,171.47011401407536
578,,13.601470508735444
579,,68.4470598345904
580,,362.0828634442674
581,,193.0181338631166
582,,87.00574693662483
583,,106.04244433244644
584,,87.00574693662483
585,,532.6847097486467
586,,34.9857113690718
587,,299.70151818100624
588,,409.05989781448875
589,,387.489354692487
590,,62.64982043070834
591,,38.897300677553446
592,,472.3822604628586
593,,13.601470508735444
594,,155.46703830716015
595,,62.12889826803627
596,,304.81797847239915
597,,488.3646178829912
598,,99.04039579888602
599,,89.1852005660132
600,,89.1852005660132
601,,129.24782396620841
602,,99.04039579888602
603,,281.44271175498574
604,,534.6400658386912
605,,43.01162633521314
606,,184.94593804677083
607,,52.392747589718944
608,,131.18688958886096
609,,449.721024636385
610,,131.18688958886096
611,,129.24782396620841
612,,218.08255317654368
613,,402.715780669196
614,,280.6724069088374
615,,294.26858479966904
616,,78.56844150166147
617,,275.5358415887124
618,,301.2640038238887
619,,65.80273550544841
620,,65.80273550544841
621,,225.78751072634643
622,,538.5731148135785
623,,43.01162633521314
624,,353.872858524075
625,,323.86725675807367
626,,300.1666203960727
627,,105.77334257741882
628,,93.40770846134703
629,,134.892549831338
630,,512.2196794345176
631,,401.40378672852603
632,,102.18121158021175
633,,245.20399670478457
634,,85.98255637046388
635,,245.20399670478457
636,,64.07027391856539
637,,100.42410069301094
638,,85.98255637046388
639,,100.42410069301094
640,,214.55535416297585
641,,64.07027391856539
642,,141.6827441857335
643,,78.60025445251433
644,,78.60025445251433
645,,616.9837923316949
646,,256.82678987987214
647,,93.40770846134703
648,,289.0121104729004
649,,281.27744310555727
650,,57.584720195551874
651,,194.90510511528424
652,,297.0605998782067
653,,436.92791167422575
654,,110.30865786510141
655,,69.46221994724903
656,,164.87874332369228
657,,130.38404810405297
658,,240.44126101815388
659,,110.30865786510141
660,,94.76286192385707
661,,164.87874332369228
662,,94.76286192385707
663,,138.67948658687772
664,,86.68333173107735
665,,330.80054413498175
666,,196.46119209655632
667,,117.80067911519016
668,,200.84820138602188
669,,213.44085831911377
670,,130.38404810405297
671,,172.62966141425406
672,,69.46221994724903
673,,57.584720195551874
674,,259.7883754135277
675,,200.84820138602188
676,,340.76678241870934
677,,176.00284088616297
678,,162.3730273167314
679,,157.68956845650888
680,,157.68956845650888
681,,210.440015206234
682,,56.71860364994893
683,,260.0999807766237
684,,340.76678241870934
685,,56.71860364994893
686,,93.13431161500041
687,,80.05623023850174
688,,87.72684879784524
689,,224.94888308235718
690,,77.64663547121665
691,,77.64663547121665
692,,93.13431161500041
693,,12.529964086141668
694,,163.783393541592
695,,126.37246535539299
696,,408.3833982913605
697,,131.94695904036593
698,,162.3730273167314
699,,468.6800614491724
700,,12.529964086141668
701,,80.05623023850174
702,,293.1552489722809
703,,157.88920165736477
704,,27.202941017470888
705,,12.165525060596439
706,,310.57688259109045
707,,131.94695904036593
708,,392.77092560422545
709,,284.5487655921213
710,,34.132096331752024
711,,27.202941017470888
712,,109.55363982999378
713,,255.03921267130667
714,,131.94695904036593
715,,255.03921267130667
716,,163.68872899500442
717,,12.165525060596439
718,,41.012193308819754
719,,157.88920165736477
720,,202.2992832414391
721,,250.45758123881976
722,,392.77092560422545
723,,510.65448201303394
724,,34.132096331752024
725,,41.012193308819754
726,,179.47701802737865
727,,163.68872899500442
728,,162.1141573089778
729,,284.8104632909402
730,,23.769728648009426
731,,86.12200647918046
732,,700.3320640953118
733,,35.4400902933387
734,,162.1141573089778
735,,101.27191120937731
736,,298.69047524151154
737,,325.44277530773365
738,,433.0415684434925
739,,178.84630272946657
740,,77.38862965578342
741,,150.6286825275983
742,,169.54350474140847
743,,178.84630272946657
744,,231.08656386730925
745,,29.614185789921695
746,,23.769728648009426
747,,284.8104632909402
748,,77.38862965578342
749,,169.54350474140847
750,,30.4138126514911
751,,384.4008324652797
752,,53.0
753,,327.19566011791784
754,,329.00455923892605
755,,23.706539182259394
756,,310.8858311341963
757,,446.3462781294362
758,,368.89700459613385
759,,222.64994947226015
760,,329.00455923892605
761,,119.61605243444544
762,,374.03342096662965
763,,56.08029957123981
764,,163.24827717314508
765,,163.24827717314508
766,,130.3572015655445
767,,93.15041599477696
768,,18.110770276274835
769,,270.20177645604036
770,,368.89700459613385
771,,18.110770276274835
772,,18.867962264113206
773,,223.98660674245681
774,,18.867962264113206
775,,119.61605243444544
776,,223.98660674245681
777,,28.442925306655784
778,,130.3572015655445
779,,28.442925306655784
780,,11.180339887498949
781,,109.89540481748998
782,,206.34437234875102
783,,47.16990566028302
784,,241.2343259156955
785,,172.90459797240788
786,,11.180339887498949
787,,182.03571078225283
788,,240.30397416605493
789,,196.45101170520857
790,,47.16990566028302
791,,583.2469459842889
792,,158.31929762350515
793,,501.08083180261445
794,,521.1237856786043
795,,158.31929762350515
796,,182.03571078225283
797,,80.60397012554654
798,,212.4335190124195
799,,73.08214556237385
800,,79.81227975693966
801,,139.0
802,,172.90459797240788
803,,206.34437234875102
804,,439.2561894839958
805,,79.81227975693966
806,,147.58048651498612
807,,336.2647766269908
808,,116.91449867317569
809,,67.60177512462228
810,,308.58548248418947
811,,0.0
812,,147.58048651498612
813,,358.73388465546435
814,,116.18089343777659
815,,308.58548248418947
816,,72.56031973468694
817,,116.18089343777659
818,,83.45058418010026
819,,17.72004514666935
820,,336.2647766269908
821,,67.60177512462228
822,,0.0
823,,96.79876032264049
824,,279.23466833471804
825,,94.81033698917012
826,,311.66167553935793
827,,44.91102314577124
828,,17.72004514666935
829,,192.92485583770693
830,,407.4272941274308
831,,760.6319740847081
832,,73.24616030891995
833,,23.08679276123039
834,,291.77045772319036
835,,197.73972792537162
836,,23.08679276123039
837,,73.24616030891995
838,,445.08201491410546
839,,213.85976713725282
840,,85.07055894961546
841,,296.9393877544709
842,,179.9222054111165
843,,104.80935072788114
844,,638.3181025162925
845,,452.1106059362023
846,,408.24012541640246
847,,291.77045772319036
848,,205.40691322348428
849,,409.83899277643167
850,,445.08201491410546
851,,104.80935072788114
852,,295.3303235362058
853,,137.05838172107534
854,,113.50770898930169
855,,197.73972792537162
856,,530.687290219014
857,,205.40691322348428
858,,130.17296186228538
859,,317.1277345171816
860,,348.08045047086455
861,,34.92849839314596
862,,293.7839342101606
863,,387.9304061297593
864,,277.07760645710795
865,,34.92849839314596
866,,241.1389640850271
867,,169.45205811674285
868,,189.4887859478761
869,,312.95047531518463
870,,711.0253160049929
871,,293.7839342101606
872,,277.07760645710795
873,,164.47796204963143
874,,249.8739682319869
875,,240.05416055548798
876,,14.560219778561036
877,,130.17296186228538
878,,186.60385848100785
879,,701.7535179819193
880,,351.57360538015365
881,,312.95047531518463
882,,164.47796204963143
883,,14.560219778561036
884,,201.30076999355964
885,,330.49205739321485
886,,330.49205739321485
887,,289.35272592460575
888,,179.49373248110922
889,,161.8177987738061
890,,419.2230909670888
891,,15.811388300841896
892,,15.811388300841896
893,,201.30076999355964
894,,77.89736837660179
895,,179.49373248110922
896,,478.2102048262877
897,,211.45448682872635
898,,321.40317359976393
899,,11.40175425099138
900,,289.35272592460575
901,,318.1351913888182
902,,231.36551169091732
903,,419.2230909670888
904,,150.9602596712128
905,,209.84756372185979
906,,11.40175425099138
907,,77.89736837660179
908,,150.9602596712128
909,,161.8177987738061
910,,165.46298679765212
911,,42.80186911806539
912,,101.40019723846694
913,,415.8389111182358
914,,165.41160781517118
915,,90.24965373894794
916,,165.41160781517118
917,,398.53858031563266
918,,7.810249675906654
919,,230.6013876801265
920,,327.35454785293575
921,,165.46298679765212
922,,42.80186911806539
923,,66.48308055437865
924,,90.24965373894794
925,,170.53152201279386
926,,281.48534597737057
927,,304.138126514911
928,,101.40019723846694
929,,96.17692030835673
930,,264.43902888945877
931,,415.8389111182358
932,,230.6013876801265
933,,170.53152201279386
934,,66.48308055437865
935,,7.810249675906654
936,,247.63077353188558
937,,26.248809496813376
938,,236.88393782610083
939,,18.110770276274835
940,,949.5957034443659
941,,188.73261509341728
942,,350.78340895772135
943,,60.0
944,,190.90573590125572
945,,18.110770276274835
946,,230.8679276123039
947,,26.248809496813376
948,,247.63077353188558
949,,60.0
950,,266.6477076593759
951,,58.60034129593445
952,,277.96582523756405
953,,202.71408436514716
954,,9.848857801796104
955,,236.88393782610083
956,,132.5028301584536
957,,330.84739684634064
958,,9.848857801796104
959,,53.009433122794285
960,,937.2838417469918
961,,58.60034129593445
962,,230.7834482799839
963,,341.2477106150311
964,,27.018512172212592
965,,206.0218435020908
966,,314.6172277546161
967,,209.88091861815357
968,,27.018512172212592
969,,8.48528137423857
970,,131.94695904036593
971,,485.07731342539614
972,,223.16137658654108
973,,347.71396290629457
974,,216.53637107885595
975,,131.94695904036593
976,,8.48528137423857
977,,24.186773244895647
978,,335.6262802582658
979,,24.186773244895647
980,,388.7428455933305
981,,452.0895928906128
982,,206.0218435020908
983,,47.38143096192854
984,,237.59208741033444
985,,420.98574797729196
986,,230.7834482799839
987,,209.88091861815357
988,,57.21887800367987
989,,240.52026941611388
990,,76.32168761236873
991,,475.6732071496144
992,,160.90991268408544
993,,101.51354589413178
994,,65.19202405202648
995,,114.03946685248927
996,,114.03946685248927
997,,101.51354589413178
998,,15.297058540778355
999,,244.59149617270018
1000,,134.9518432626987
1001,,233.52087701102872
1002,,403.27162062312294
1003,,382.2786941486538
1004,,15.297058540778355
1005,,163.4900608599801
1006,,82.0
1007,,160.90991268408544
1008,,382.2786941486538
1009,,76.32168761236873
1010,,50.0
1011,,82.0
1012,,413.6205991001899
1013,,163.4900608599801
1014,,357.13582850226607
1015,,192.93781381574738
1016,,269.02973813316623
1017,,10.04987562112089
1018,,42.95346318982906
1019,,491.98069067799804
1020,,19.6468827043885
1021,,515.3882032022076
1022,,350.63371201297804
1023,,192.93781381574738
1024,,19.6468827043885
1025,,235.9364321167886
1026,,376.0
1027,,128.4562182223967
1028,,128.4562182223967
1029,,161.50541786577935
1030,,159.15401345866212
1031,,73.24616030891995
1032,,73.24616030891995
1033,,159.15401345866212
1034,,10.04987562112089
1035,,284.0070421662111
1036,,248.22973230457305
1037,,310.8311438707518
1038,,133.4541119636259
1039,,42.95346318982906
1040,,119.50732195141852
1041,,134.23859355639868
1042,,41.43669871020132
1043,,134.23859355639868
1044,,152.46311029229332
1045,,87.98295289429652
1046,,87.98295289429652
1047,,263.0
1048,,153.39491516996253
1049,,177.00282483621552
1050,,170.57549648176317
1051,,119.50732195141852
1052,,201.80436070610565
1053,,550.942828249901
1054,,152.46311029229332
1055,,41.43669871020132
1056,,153.39491516996253
1057,,378.1071276768001
1058,,93.86160024205851
1059,,93.86160024205851
1060,,497.2574785762402
1061,,196.1555505204989
1062,,52.92447448959697
1063,,177.00282483621552
1064,,196.1555505204989
1065,,253.67104683033892
1066,,326.8103425535979
1067,,120.7683733433551
1068,,62.24146527838174
1069,,126.62148316932637
1070,,143.78456106272327
1071,,89.81091247727082
1072,,152.55490814785344
1073,,125.0
1074,,296.1958811327396
1075,,238.66294224282078
1076,,142.20056258679148
1077,,143.78456106272327
1078,,16.15549442140351
1079,,214.11445537375565
1080,,16.15549442140351
1081,,120.7683733433551
1082,,62.24146527838174
1083,,291.6504757410829
1084,,51.03920062069938
1085,,189.7814532561072
1086,,214.11445537375565
1087,,51.03920062069938
1088,,142.20056258679148
1089,,62.24146527838174
1090,,89.81091247727082
1091,,626.5540678983738
1092,,126.11502686040232
1093,,627.6941930590086
1094,,243.24884377936928
1095,,24.08318915758459
1096,,86.21484790916237
1097,,115.36463929644994
1098,,175.17134468856486
1099,,126.11502686040232
1100,,291.0755915565577
1101,,243.24884377936928
1102,,24.08318915758459
1103,,75.0066663703967
1104,,60.108235708594876
1105,,175.17134468856486
1106,,60.108235708594876
1107,,394.9696190848101
1108,,437.7225148424513
1109,,154.983870128475
1110,,75.0066663703967
1111,,252.55692427648862
1112,,86.21484790916237
1113,,239.58505796480713
1114,,99.84988733093293
1115,,426.6075479876089
1116,,265.80067720004024
1117,,156.27219842313605
1118,,192.33824372703418
1119,,9.219544457292887
1120,,119.36498649101419
1121,,71.56814934033156
1122,,419.75230791503697
1123,,139.5600229292042
1124,,344.97101327502867
1125,,419.75230791503697
1126,,102.34256201600583
1127,,71.56814934033156
1128,,120.42009799032718
1129,,139.5600229292042
1130,,192.20041623263984
1131,,119.36498649101419
1132,,179.9222054111165
1133,,212.6593520163174
1134,,9.219544457292887
1135,,102.34256201600583
1136,,147.5567687366459
1137,,433.6138835415674
1138,,306.4702269389312
1139,,152.0526224699857
1140,,461.9794367718113
1141,,218.00917411888886
1142,,179.9222054111165
1143,,369.4996617048519
1144,,173.738308959193
1145,,409.4154369341733
1146,,23.853720883753127
1147,,231.08872754853275
1148,,213.3565091577944
1149,,41.43669871020132
1150,,172.15400082484288
1151,,274.14229881577927
1152,,65.0
1153,,94.53041838477179
1154,,234.00854685246006
1155,,23.853720883753127
1156,,329.013677527242
1157,,257.00194551792794
1158,,65.0
1159,,98.3107318658548
1160,,90.7358804442873
1161,,149.01342221424215
1162,,173.738308959193
1163,,169.95587662684687
1164,,213.3565091577944
1165,,149.01342221424215
1166,,94.53041838477179
1167,,172.15400082484288
1168,,90.7358804442873
1169,,169.95587662684687
1170,,125.29964086141668
1171,,84.52810183601665
1172,,134.72935834479432
1173,,191.8567173700207
1174,,96.40020746865642
1175,,312.05768697470023
1176,,15.0
1177,,94.86832980505137
1178,,79.84985911070852
1179,,353.6693370932798
1180,,421.070065428546
1181,,191.8567173700207
1182,,96.40020746865642
1183,,261.27571643763605
1184,,14.317821063276353
1185,,15.0
1186,,25.019992006393608
1187,,197.3854097951518
1188,,93.13431161500041
1189,,79.84985911070852
1190,,125.29964086141668
1191,,424.01886750473733
1192,,25.019992006393608
1193,,261.27571643763605
1194,,94.86832980505137
1195,,14.317821063276353
1196,,150.88074761214565
1197,,9.055385138137417
1198,,330.9743192454665
1199,,266.6552080871476
1200,,410.94646853331153
1201,,263.8787600395303
1202,,227.26416347501865
1203,,177.11578134090706
1204,,422.4878696483486
1205,,288.7784618007375
1206,,301.9420474196994
1207,,515.3882032022076
1208,,227.0704736419951
1209,,330.9743192454665
1210,,96.56603957913983
1211,,9.055385138137417
1212,,259.50915205441214
1213,,101.9803902718557
1214,,101.9803902718557
1215,,96.56603957913983
1216,,95.90099061010788
1217,,95.90099061010788
1218,,217.00230413523263
1219,,82.80700453464067
1220,,266.6552080871476
1221,,82.80700453464067
1222,,149.03019828209315
1223,,34.058772731852805
1224,,121.1486689980538
1225,,263.79727064547126
1226,,180.42172818150257
1227,,451.3679208805163
1228,,179.25400971805345
1229,,204.59960899278374
1230,,386.4349880639692
1231,,203.35437049643167
1232,,241.29857024027308
1233,,73.824115301167
1234,,203.35437049643167
1235,,307.4345458792814
1236,,34.058772731852805
1237,,121.1486689980538
1238,,85.5102333057278
1239,,386.4349880639692
1240,,73.824115301167
1241,,315.6865534038471
1242,,552.1177410661606
1243,,241.29857024027308
1244,,164.6572197020222
1245,,87.66413177577246
1246,,245.34873140083687
1247,,87.66413177577246
1248,,494.2721922180126
1249,,183.99184764548673
1250,,286.29530209208815
1251,,279.5084971874737
1252,,165.07574019219177
1253,,192.4421991144354
1254,,486.81207873264606
1255,,107.93516572461452
1256,,107.93516572461452
1257,,56.293871780150276
1258,,66.70832032063167
1259,,281.3698633471609
1260,,119.57006314291216
1261,,172.9855485293497
1262,,298.10065414218735
1263,,150.56227947264878
1264,,175.86642658563346
1265,,165.07574019219177
1266,,521.7278984298233
1267,,229.26840166058645
1268,,38.3275357934736
1269,,38.3275357934736
1270,,164.43843832875572
1271,,119.57006314291216
1272,,217.79348015953096
1273,,56.293871780150276
1274,,77.3692445355388
1275,,19.1049731745428
1276,,83.00602387778854
1277,,209.8118204487059
1278,,77.3692445355388
1279,,54.45181356024793
1280,,166.54428840401582
1281,,83.00602387778854
1282,,181.46349495146399
1283,,337.0014836762592
1284,,126.73200069437868
1285,,209.8118204487059
1286,,286.02797066021355
1287,,19.1049731745428
1288,,223.51733713517615
1289,,126.73200069437868
1290,,379.3283538044579
1291,,195.05896544378575
1292,,163.24827717314508
1293,,252.41434190631878
1294,,97.71898484941399
1295,,54.45181356024793
1296,,139.54210834009928
1297,,181.46349495146399
1298,,362.5382738415353
1299,,229.53213282675696
1300,,228.08989455914087
1301,,139.44532978913278
1302,,161.82088863926066
1303,,161.82088863926066
1304,,89.88882021697692
1305,,276.1340254296815
1306,,58.463663928973865
1307,,71.7007670809734
1308,,89.88882021697692
1309,,178.30591689565435
1310,,168.04761230080004
1311,,277.72108310317384
1312,,119.57006314291216
1313,,272.6829660979945
1314,,164.77863939236784
1315,,93.14504817756014
1316,,58.463663928973865
1317,,164.77863939236784
1318,,71.7007670809734
1319,,93.14504817756014
1320,,315.5202053751867
1321,,119.57006314291216
1322,,178.13478043324386
1323,,99.00505037623081
1324,,327.8322741891042
1325,,272.6829660979945
1326,,276.97833850321217
1327,,808.715030155864
1328,,75.66372975210778
1329,,78.92401408950256
1330,,156.81836627130127
1331,,174.4505660638566
1332,,391.0038362983156
1333,,248.8875247978492
1334,,159.15401345866212
1335,,273.11719096387907
1336,,152.89865924853626
1337,,146.54009690183776
1338,,95.88013350011565
1339,,288.73690446494714
1340,,318.5105963700423
1341,,152.89865924853626
1342,,75.66372975210778
1343,,146.54009690183776
1344,,156.81836627130127
1345,,229.61271741782946
1346,,95.88013350011565
1347,,289.4995682207488
1348,,174.4505660638566
1349,,70.51950084905593
1350,,229.61271741782946
1351,,70.51950084905593
1352,,54.91812087098393
1353,,230.0347799790284
1354,,282.29417280560364
1355,,368.7817782917155
1356,,171.40011668607463
1357,,171.40011668607463
1358,,122.41323457861898
1359,,97.082439194738
1360,,230.0347799790284
1361,,109.04127658827184
1362,,243.50770008359078
1363,,328.105166067223
1364,,222.27235545609355
1365,,263.928020490436
1366,,122.41323457861898
1367,,1047.0019102179326
1368,,301.34697609234445
1369,,163.01226947687098
1370,,192.28364465029262
1371,,109.04127658827184
1372,,192.28364465029262
1373,,266.2423707827137
1374,,54.91812087098393
1375,,163.01226947687098
1376,,97.082439194738
1377,,288.71612355391585
1378,,155.7562197795003
1379,,133.4541119636259
1380,,48.662100242385755
1381,,155.7562197795003
1382,,572.7660953652896
1383,,298.1677380267691
1384,,139.12943613772032
1385,,122.58874336577564
1386,,113.22543883774529
1387,,385.0324661635691
1388,,87.23531395025755
1389,,87.5956619930462
1390,,202.27703774773843
1391,,123.10970717209915
1392,,242.86621831782205
1393,,48.662100242385755
1394,,87.23531395025755
1395,,203.93136100168604
1396,,113.22543883774529
1397,,133.98880550254935
1398,,202.27703774773843
1399,,122.58874336577564
1400,,133.98880550254935
1401,,87.5956619930462
1402,,250.16994223927063
1403,,247.97782158894776
1404,,128.70120434556935
1405,,71.06335201775947
1406,,111.80339887498948
1407,,495.2898141492514
1408,,53.85164807134504
1409,,311.33261955664074
1410,,407.1068655770865
1411,,433.05657828971954
1412,,100.12492197250393
1413,,172.01162751395617
1414,,53.85164807134504
1415,,140.86873322352267
1416,,109.48059188732951
1417,,321.13704239779
1418,,212.52999788265186
1419,,179.52437160452615
1420,,100.12492197250393
1421,,296.8164415931166
1422,,292.60553651631403
1423,,204.1984329028996
1424,,111.80339887498948
1425,,128.70120434556935
1426,,350.3726587506508
1427,,179.52437160452615
1428,,258.00775182152955
1429,,465.49113847634095
1430,,306.2498979591667
1431,,534.3051562543637
1432,,107.62899237658968
1433,,94.11163583744573
1434,,82.49242389456137
1435,,144.12494579357175
1436,,106.88779163215975
1437,,131.01526628603247
1438,,94.11163583744573
1439,,369.3805625638685
1440,,174.73408368146153
1441,,64.47480127925948
1442,,94.04786015641186
1443,,159.28904544883179
1444,,179.77764043395385
1445,,144.12494579357175
1446,,82.49242389456137
1447,,131.01526628603247
1448,,209.80228788075692
1449,,185.64751546950473
1450,,64.47480127925948
1451,,328.4585209733491
1452,,364.5517795869333
1453,,277.48153091692427
1454,,107.62899237658968
1455,,174.73408368146153
1456,,255.48581173912575
1457,,372.54261501202785
1458,,11.180339887498949
1459,,36.40054944640259
1460,,130.36103712382777
1461,,130.36103712382777
1462,,107.83784122468327
1463,,88.11923740024082
1464,,4.242640687119285
1465,,249.92999019725505
1466,,311.7081968765018
1467,,107.83784122468327
1468,,183.46116755324545
1469,,84.21995013059554
1470,,325.55491088294156
1471,,405.0209871105447
1472,,4.242640687119285
1473,,183.46116755324545
1474,,255.48581173912575
1475,,201.12185361118767
1476,,88.11923740024082
1477,,206.49455198624491
1478,,11.180339887498949
1479,,325.55491088294156
1480,,334.2828143952363
1481,,114.16216536138407
1482,,302.3673262771624
1483,,42.579337712087536
1484,,150.8409758653132
1485,,159.53056133543816
1486,,42.579337712087536
1487,,105.55093557141026
1488,,105.55093557141026
1489,,199.42166381815193
1490,,190.12890364171355
1491,,257.2353008434107
1492,,478.76925548744254
1493,,41.593268686170845
1494,,41.593268686170845
1495,,267.8600380795911
1496,,226.41775548750587
1497,,225.67454442182884
1498,,163.9176622576103
1499,,199.42166381815193
1500,,267.8600380795911
1501,,334.18108863309425
1502,,154.76756766196203
1503,,330.0484812872194
1504,,250.353749722268
1505,,157.15597347857954
1506,,167.50522379914005
1507,,154.76756766196203
1508,,132.23085872821065
1509,,452.36489695819677
1510,,110.80162453682708
1511,,124.78781991845197
1512,,198.82907232092595
1513,,176.36609651517495
1514,,98.50888284819801
1515,,475.53128183117457
1516,,230.82460874005614
1517,,198.82907232092595
1518,,103.74005976477939
1519,,116.15506876585283
1520,,348.52833457267144
1521,,176.36609651517495
1522,,84.81155581640984
1523,,124.78781991845197
1524,,95.1892851112981
1525,,84.81155581640984
1526,,115.66330446602328
1527,,132.23085872821065
1528,,726.2079591962622
1529,,103.74005976477939
1530,,390.9590771423526
1531,,95.1892851112981
1532,,163.0828010551695
1533,,163.0828010551695
1534,,69.83552104767315
1535,,159.62455951387932
1536,,140.80127840328723
1537,,69.83552104767315
1538,,391.14319628494115
1539,,405.6007889538678
1540,,106.82696288858914
1541,,405.6007889538678
1542,,344.60702256338305
1543,,177.17787672280082
1544,,218.05733191066977
1545,,159.62455951387932
1546,,177.17787672280082
1547,,267.30132809247317
1548,,102.41581909060729
1549,,197.27392123643713
1550,,78.26237921249263
1551,,236.5417510715603
1552,,114.23659658795863
1553,,144.46106741956464
1554,,114.23659658795863
1555,,123.14625451064275
1556,,106.82696288858914
1557,,475.50920075220415
1558,,78.26237921249263
1559,,140.80127840328723
1560,,183.60010893242955
1561,,108.29589096544707
1562,,177.38658348364456
1563,,80.52949770115296
1564,,387.3241536491108
1565,,113.00442469213318
1566,,183.60010893242955
1567,,177.38658348364456
1568,,142.8355697996826
1569,,108.78419002777932
1570,,596.0176171892908
1571,,113.00442469213318
1572,,47.01063709417264
1573,,391.8022460374621
1574,,47.01063709417264
1575,,165.04847772699995
1576,,52.952809179494906
1577,,158.2024020045208
1578,,80.52949770115296
1579,,52.952809179494906
1580,,353.20956951928696
1581,,557.1400183077859
1582,,108.78419002777932
1583,,108.29589096544707
1584,,85.61541917201598
1585,,241.11822826157297
1586,,76.15773105863909
1587,,294.4163718273833
1588,,30.0
1589,,284.01584462842914
1590,,55.90169943749474
1591,,106.88779163215975
1592,,225.94247055390008
1593,,250.45758123881976
1594,,266.27053911388697
1595,,214.478437144623
1596,,266.27053911388697
1597,,176.96327302578916
1598,,151.46286673637206
1599,,74.09453421137081
1600,,338.42724476613876
1601,,113.77170122662314
1602,,74.09453421137081
1603,,250.45758123881976
1604,,76.15773105863909
1605,,55.90169943749474
1606,,214.478437144623
1607,,30.0
1608,,151.46286673637206
1609,,106.88779163215975
1610,,296.9663280575763
1611,,284.01584462842914
1612,,430.359152336743
1613,,47.29693436154187
1614,,50.60632371551998
1615,,176.77386684688435
1616,,107.07007051459338
1617,,47.29693436154187
1618,,23.021728866442675
1619,,95.35197952848173
1620,,43.60045871318328
1621,,41.43669871020132
1622,,93.43446901438462
1623,,222.80035906613796
1624,,24.73863375370596
1625,,373.7766712891536
1626,,139.04315876734103
1627,,180.75950874020432
1628,,50.60632371551998
1629,,432.0416646574726
1630,,222.80035906613796
1631,,23.021728866442675
1632,,180.75950874020432
1633,,43.60045871318328
1634,,41.43669871020132
1635,,24.73863375370596
1636,,65.55150646628954
1637,,342.32878932394806
1638,,113.89907813498755
1639,,834.2002157755654
1640,,380.1907416021595
1641,,229.1047795223836
1642,,148.47558721890948
1643,,76.94153624668537
1644,,148.47558721890948
1645,,256.2225595063791
1646,,79.19595949289332
1647,,77.00649323271382
1648,,77.00649323271382
1649,,79.19595949289332
1650,,127.06297651164952
1651,,110.9414259868693
1652,,147.46185947559457
1653,,380.1907416021595
1654,,110.9414259868693
1655,,76.94153624668537
1656,,152.11837495845134
1657,,124.47088012864695
1658,,180.0444389588304
1659,,232.4521456128121
1660,,187.47266467407988
1661,,191.59592897553955
1662,,113.89907813498755
1663,,152.11837495845134
1664,,285.545092761196
1665,,387.19504129056196
1666,,283.1342437784593
1667,,101.59232254457027
1668,,13.152946437965905
1669,,185.31055015837603
1670,,12.041594578792296
1671,,182.43903091169938
1672,,505.11384855297723
1673,,224.72205054244233
1674,,125.13193037750197
1675,,85.44003745317531
1676,,12.041594578792296
1677,,93.03762679690406
1678,,186.06719216455113
1679,,505.11384855297723
1680,,780.8540196477188
1681,,125.13193037750197
1682,,85.44003745317531
1683,,13.152946437965905
1684,,182.43903091169938
1685,,475.8119376392316
1686,,276.00724628168734
1687,,101.59232254457027
1688,,59.43904440685432
1689,,492.0833262771662
1690,,62.00806399170998
1691,,165.0272704737008
1692,,408.667346383339
1693,,229.10696191953662
1694,,55.90169943749474
1695,,55.90169943749474
1696,,665.9204156654157
1697,,36.87817782917155
1698,,36.87817782917155
1699,,447.947541571555
1700,,351.550849806966
1701,,43.04648650006177
1702,,55.47071299343465
1703,,127.58134659894448
1704,,171.49344010777787
1705,,229.10696191953662
1706,,447.947541571555
1707,,49.64876634922564
1708,,304.253184042501
1709,,49.64876634922564
1710,,165.0272704737008
1711,,117.0341830406826
1712,,127.58134659894448
1713,,171.49344010777787
1714,,248.63829149992162
1715,,565.9231396576747
1716,,280.178514522438
1717,,512.8840024800929
1718,,512.8840024800929
1719,,95.13148795220224
1720,,22.02271554554524
1721,,22.02271554554524
1722,,201.1591409804685
1723,,400.4509957535379
1724,,166.35504200354134
1725,,299.7131962393381
1726,,588.9830218266057
1727,,91.2414379544733
1728,,78.74642849044012
1729,,299.7131962393381
1730,,95.13148795220224
1731,,49.64876634922564
1732,,160.90991268408544
1733,,318.3284467338727
1734,,59.21148537234985
1735,,47.80167361086848
1736,,164.7573974060042
1737,,49.64876634922564
1738,,47.80167361086848
1739,,368.9146242696269
1740,,185.04323819042943
1741,,78.74642849044012
1742,,91.83681179135085
1743,,44.553338819890925
1744,,161.8177987738061
1745,,36.71511950137164
1746,,29.410882339705484
1747,,161.8177987738061
1748,,29.410882339705484
1749,,23.706539182259394
1750,,180.8535318980528
1751,,219.75440837443966
1752,,91.83681179135085
1753,,22.47220505424423
1754,,311.1301978272119
1755,,36.71511950137164
1756,,22.47220505424423
1757,,23.706539182259394
1758,,582.7400792806343
1759,,74.09453421137081
1760,,44.10215414239989
1761,,44.10215414239989
1762,,280.4460732476032
1763,,117.88977903109328
1764,,444.76735491715215
1765,,117.88977903109328
1766,,219.75440837443966
1767,,180.8535318980528
1768,,59.53990258641679
1769,,75.02666192761077
1770,,456.7997373029017
1771,,210.48752932181043
1772,,75.02666192761077
1773,,179.12007146045917
1774,,456.7997373029017
1775,,25.96150997149434
1776,,462.03895939628296
1777,,243.73140954747709
1778,,425.73465914816
1779,,253.58430550804994
1780,,44.384682042344295
1781,,109.77249200050075
1782,,59.53990258641679
1783,,210.48752932181043
1784,,25.96150997149434
1785,,412.68874469750205
1786,,178.22738285684386
1787,,55.86591089385369
1788,,180.67650649710936
1789,,243.73140954747709
1790,,93.40770846134703
1791,,253.58430550804994
1792,,270.14995835646545
1793,,44.384682042344295
1794,,149.21461054467824
1795,,210.02142747824567
1796,,93.40770846134703
1797,,252.3430205097815
1798,,88.09086218218096
1799,,93.40770846134703
1800,,257.4490240804964
1801,,270.0240730009086
1802,,372.87129146664
1803,,662.245422785239
1804,,84.92938243034621
1805,,9.219544457292887
1806,,9.219544457292887
1807,,62.6418390534633
1808,,347.6348659153739
1809,,428.8519558075957
1810,,448.69254506844663
1811,,149.21461054467824
1812,,64.6297145282261
1813,,270.0240730009086
1814,,396.13760235554514
1815,,208.58571379651102
1816,,62.6418390534633
1817,,64.6297145282261
1818,,145.2205219657332
1819,,438.3993613134034
1820,,33.13608305156178
1821,,24.08318915758459
1822,,249.0180716333656
1823,,11.40175425099138
1824,,53.85164807134504
1825,,33.13608305156178
1826,,418.07654801483426
1827,,74.09453421137081
1828,,249.0180716333656
1829,,616.0397714433703
1830,,352.86966432381234
1831,,11.40175425099138
1832,,149.83324063771698
1833,,363.4460069941614
1834,,418.07654801483426
1835,,375.76721517450136
1836,,84.15461959987698
1837,,11.180339887498949
1838,,375.76721517450136
1839,,43.04648650006177
1840,,24.08318915758459
1841,,43.04648650006177
1842,,11.180339887498949
1843,,288.0433995077825
1844,,94.75230867899737
1845,,72.80109889280519
1846,,232.84758963751375
1847,,15.524174696260024
1848,,174.95713760804387
1849,,53.48831648126533
1850,,174.95713760804387
1851,,92.17917335276988
1852,,410.4680255513211
1853,,59.50630218724736
1854,,286.96515467910035
1855,,15.524174696260024
1856,,106.53168542738823
1857,,69.42621983083913
1858,,92.17917335276988
1859,,97.40636529508737
1860,,176.11927776367924
1861,,97.40636529508737
1862,,410.4680255513211
1863,,123.0447073221762
1864,,59.50630218724736
1865,,257.52669764511796
1866,,93.2148056909416
1867,,123.0447073221762
1868,,84.11896337925236
1869,,293.64093720052045
1870,,53.48831648126533
1871,,176.11927776367924
1872,,85.42833253669417
1873,,180.8120571200936
1874,,513.6623404533372
1875,,161.64467204334326
1876,,146.32156368765337
1877,,205.9368835347374
1878,,161.64467204334326
1879,,16.1245154965971
1880,,147.59742545180114
1881,,85.42833253669417
1882,,865.3900854527974
1883,,32.31098884280702
1884,,185.0756602041446
1885,,32.31098884280702
1886,,16.1245154965971
1887,,88.20430828479978
1888,,64.07807737440318
1889,,205.9368835347374
1890,,492.0162598939186
1891,,341.3297525853848
1892,,188.43035848822237
1893,,512.0790954530364
1894,,33.83784863137726
1895,,33.83784863137726
1896,,701.0456475865177
1897,,64.07807737440318
1898,,316.03322610130726
1899,,279.0877998050076
1900,,182.02472359545007
1901,,93.30058949438637
1902,,49.39635614091387
1903,,33.54101966249684
1904,,53.75872022286245
1905,,25.495097567963924
1906,,316.03322610130726
1907,,357.03501228871096
1908,,501.9531850680898
1909,,427.4225075964063
1910,,119.36498649101419
1911,,321.17596423144744
1912,,348.89110048839024
1913,,545.1843724832912
1914,,62.96824596572466
1915,,95.1892851112981
1916,,53.75872022286245
1917,,182.02472359545007
1918,,348.89110048839024
1919,,184.53184007102948
1920,,184.53184007102948
1921,,62.96824596572466
1922,,25.495097567963924
1923,,49.39635614091387
1924,,141.6756859873987
1925,,53.23532661682466
1926,,47.4236228055175
1927,,291.10994486619654
1928,,86.97700845625813
1929,,727.0832139445938
1930,,354.290840976732
1931,,49.76946855251722
1932,,61.98386886924694
1933,,277.25980595823836
1934,,47.4236228055175
1935,,138.4629914453678
1936,,15.231546211727817
1937,,255.14897609044016
1938,,197.2308292331602
1939,,104.4030650891055
1940,,475.2367830881781
1941,,255.4094751570505
1942,,141.6756859873987
1943,,10.295630140987
1944,,255.14897609044016
1945,,49.76946855251722
1946,,15.231546211727817
1947,,86.97700845625813
1948,,71.21797525905943
1949,,10.295630140987
1950,,198.13379318026495
1951,,337.4285109471338
1952,,72.42237223399962
1953,,455.9649109306548
1954,,99.74467404327912
1955,,161.75598906995685
1956,,25.0
1957,,33.301651610693426
1958,,166.6043216726385
1959,,356.9677856613955
1960,,33.301651610693426
1961,,368.4087403957729
1962,,198.13379318026495
1963,,334.79097956784915
1964,,61.91122676865643
1965,,241.04978738841484
1966,,368.4087403957729
1967,,477.82109622744787
1968,,63.90618123468183
1969,,61.91122676865643
1970,,25.0
1971,,32.7566787083184
1972,,241.04978738841484
1973,,161.75598906995685
1974,,85.14693182963201
1975,,212.8966885604377
1976,,701.8518362161632
1977,,187.18172987767795
1978,,191.26160095534075
1979,,256.64372191814863
1980,,141.66156853571826
1981,,51.92301994298868
1982,,276.3059898011623
1983,,82.54089895318563
1984,,14.035668847618199
1985,,51.92301994298868
1986,,296.7861182737495
1987,,67.446274915669
1988,,102.61578825892242
1989,,17.204650534085253
1990,,460.3237990806037
1991,,450.2010661915407
1992,,67.446274915669
1993,,95.08417323613851
1994,,14.035668847618199
1995,,276.3059898011623
1996,,460.3237990806037
1997,,17.204650534085253
1998,,95.08417323613851
1999,,191.26160095534075
2000,,397.665688738669
2001,,324.01388859121454
2002,,90.60353193998566
2003,,295.57401780264786
2004,,178.89941307897016
2005,,343.43267171310305
2006,,291.73275441746335
2007,,75.16648189186454
2008,,280.2034974799565
2009,,579.4109077330181
2010,,223.0874268084152
2011,,128.63125592172378
2012,,186.50737250843463
2013,,68.00735254367721
2014,,223.0874268084152
2015,,180.88670487352022
2016,,347.2520698282445
2017,,560.7040217440928
2018,,68.00735254367721
2019,,73.57309290766564
2020,,295.57401780264786
2021,,180.88670487352022
2022,,75.16648189186454
2023,,174.1866814656046
2024,,178.89941307897016
2025,,408.7542048713383
2026,,128.63125592172378
2027,,299.1003176193566
2028,,230.98268333362137
2029,,174.04884371922728
2030,,343.8269913779312
2031,,56.88585061331157
2032,,14.0
2033,,181.46625030566977
2034,,26.019223662515376
2035,,174.26990560621763
2036,,23.08679276123039
2037,,118.96217886370441
2038,,311.20732639190874
2039,,33.61547262794322
2040,,443.7082374714267
2041,,14.0
2042,,219.69296757065302
2043,,535.4568143183911
2044,,181.46625030566977
2045,,26.019223662515376
2046,,113.07077429645558
2047,,23.08679276123039
2048,,56.88585061331157
2049,,33.61547262794322
2050,,490.69440591879584
2051,,113.1591799192624
2052,,174.04884371922728
2053,,230.98268333362137
2054,,154.01298646542764
2055,,114.23221962301179
2056,,115.93532679903913
2057,,154.01298646542764
2058,,275.0708999512671
2059,,55.80322571321482
2060,,376.65103212390113
2061,,83.6301381082203
2062,,272.5472436110848
2063,,564.1001684098312
2064,,206.42189806316577
2065,,275.0708999512671
2066,,46.87216658103186
2067,,46.87216658103186
2068,,106.6255128944288
2069,,216.47401691658055
2070,,55.80322571321482
2071,,106.6255128944288
2072,,83.6301381082203
2073,,115.93532679903913
2074,,188.29763673503712
2075,,187.44865963777923
2076,,188.29763673503712
2077,,191.68985366993215
2078,,114.23221962301179
2079,,305.73845031333565
2080,,111.35977729862789
2081,,75.50496672405067
2082,,84.48076704197234
2083,,5.830951894845301
2084,,90.95603333479313
2085,,271.4498111990502
2086,,73.824115301167
2087,,2.8284271247461903
2088,,105.55093557141026
2089,,88.29496021857646
2090,,105.30432089900205
2091,,109.83624174196785
2092,,88.29496021857646
2093,,314.6696680647819
2094,,90.95603333479313
2095,,75.50496672405067
2096,,877.8524933039719
2097,,73.824115301167
2098,,5.830951894845301
2099,,314.6696680647819
2100,,178.31713322056297
2101,,84.48076704197234
2102,,109.83624174196785
2103,,433.2078023304751
2104,,2.8284271247461903
2105,,111.35977729862789
2106,,99.08582138732059
2107,,292.7968579066381
2108,,172.14238292762187
2109,,374.7118893229837
2110,,77.69813382572325
2111,,16.1245154965971
2112,,5.0
2113,,16.1245154965971
2114,,147.80054127099805
2115,,151.2084653714864
2116,,5.656854249492381
2117,,5.656854249492381
2118,,172.14238292762187
2119,,66.48308055437865
2120,,430.65647562761666
2121,,143.78456106272327
2122,,292.7968579066381
2123,,66.48308055437865
2124,,5.0
2125,,430.65647562761666
2126,,41.19465984809196
2127,,140.03213916812098
2128,,17.204650534085253
2129,,77.69813382572325
2130,,7.810249675906654
2131,,99.08582138732059
2132,,544.6475924852693
2133,,50.99019513592785
2134,,185.34832073693033
2135,,517.0348150753487
2136,,121.63058825805291
2137,,148.85227576359054
2138,,59.033888572581766
2139,,243.82165613415063
2140,,59.033888572581766
2141,,284.2885857715712
2142,,6.708203932499369
2143,,179.44915714485816
2144,,53.9351462406472
2145,,185.34832073693033
2146,,53.9351462406472
2147,,157.91770008456936
2148,,50.99019513592785
2149,,383.4188310451118
2150,,41.48493702538308
2151,,6.708203932499369
2152,,104.31682510506155
2153,,104.31682510506155
2154,,288.9792380085462
2155,,41.48493702538308
2156,,179.44915714485816
2157,,148.85227576359054
2158,,135.63554106501732
2159,,36.40054944640259
2160,,324.48420608713764
2161,,149.91330828182
2162,,5.0
2163,,359.43427771986353
2164,,274.1277074649697
2165,,228.47319317591726
2166,,240.23530131935232
2167,,36.40054944640259
2168,,60.07495318350236
2169,,349.04011230802683
2170,,5.0
2171,,8.06225774829855
2172,,317.50275589355124
2173,,46.22769732530488
2174,,88.05679985100527
2175,,7.615773105863909
2176,,135.63554106501732
2177,,7.615773105863909
2178,,254.200708102869
2179,,149.91330828182
2180,,355.0507006048573
2181,,349.04011230802683
2182,,252.62026838715852
2183,,88.05679985100527
2184,,106.85036265731624
2185,,200.8706051168264
2186,,167.621597653763
2187,,58.309518948453004
2188,,851.7188503256224
2189,,200.8706051168264
2190,,84.92938243034621
2191,,268.4026825499328
2192,,60.8276253029822
2193,,6.324555320336759
2194,,63.25345840347388
2195,,5.830951894845301
2196,,60.8276253029822
2197,,5.830951894845301
2198,,55.94640292279746
2199,,55.94640292279746
2200,,308.58548248418947
2201,,275.2235455043772
2202,,106.85036265731624
2203,,107.20541031123382
2204,,97.04638066409278
2205,,58.309518948453004
2206,,6.324555320336759
2207,,107.20541031123382
2208,,148.18906842274163
2209,,275.2235455043772
2210,,23.345235059857504
2211,,373.20905669610966
2212,,3.1622776601683795
2213,,76.47875521999558
2214,,396.41518638921997
2215,,3.1622776601683795
2216,,8.54400374531753
2217,,262.01717500957835
2218,,51.35172830587107
2219,,8.48528137423857
2220,,90.93404203047393
2221,,76.47875521999558
2222,,208.19462048765814
2223,,397.31096133884853
2224,,209.24626639440905
2225,,8.48528137423857
2226,,90.93404203047393
2227,,51.35172830587107
2228,,262.01717500957835
2229,,106.88779163215975
2230,,8.54400374531753
2231,,250.04999500099976
2232,,396.41518638921997
2233,,83.6301381082203
2234,,106.88779163215975
2235,,23.345235059857504
2236,,126.37246535539299
2237,,173.21951391226105
2238,,399.5409866334116
2239,,320.12809936024047
2240,,102.59142264341595
2241,,62.5859409132754
2242,,116.49892703368559
2243,,102.59142264341595
2244,,111.60645142642964
2245,,55.94640292279746
2246,,201.8836298465034
2247,,77.10382610480494
2248,,35.608987629529715
2249,,35.608987629529715
2250,,201.8836298465034
2251,,215.67568244936655
2252,,185.43192821086663
2253,,65.0
2254,,116.49892703368559
2255,,126.37246535539299
2256,,77.10382610480494
2257,,62.5859409132754
2258,,111.60645142642964
2259,,77.52418977325722
2260,,62.0966987850401
2261,,55.94640292279746
2262,,490.43348172815445
2263,,63.387695966961914
2264,,3.0
2265,,142.3938200906205
2266,,238.4302833114955
2267,,174.20103329199858
2268,,43.01162633521314
2269,,367.93477682872003
2270,,107.18675291284833
2271,,174.20103329199858
2272,,142.3938200906205
2273,,74.30343195303969
2274,,81.02468759581859
2275,,4.0
2276,,4.47213595499958
2277,,61.204574992397426
2278,,456.4263357870578
2279,,4.47213595499958
2280,,81.02468759581859
2281,,3.0
2282,,63.387695966961914
2283,,19.026297590440446
2284,,43.01162633521314
2285,,19.026297590440446
2286,,66.03029607687671
2287,,4.0
2288,,113.14592347937243
2289,,129.07362240210043
2290,,563.8953803676707
2291,,121.75795661885921
2292,,239.47024867402632
2293,,96.04165762834376
2294,,80.15609770940699
2295,,251.6445906432324
2296,,286.7141433553636
2297,,110.01818031580054
2298,,96.04165762834376
2299,,166.01204775557707
2300,,80.15609770940699
2301,,6.324555320336759
2302,,102.06860437960343
2303,,266.54080363051355
2304,,109.59014554237986
2305,,175.524927004685
2306,,251.6445906432324
2307,,121.75795661885921
2308,,331.4724724618924
2309,,6.324555320336759
2310,,239.47024867402632
2311,,110.01818031580054
2312,,232.62201099638014
2313,,308.09901006007794
2314,,181.69479904499192
2315,,74.4043009509531
2316,,75.61084578286372
2317,,433.17086697976356
2318,,38.01315561749642
2319,,175.0114281982751
2320,,38.01315561749642
2321,,307.61014287568605
2322,,367.1511950137164
2323,,138.45215780189199
2324,,203.06649157357302
2325,,111.04053313993049
2326,,91.54780172128658
2327,,138.45215780189199
2328,,1.0
2329,,91.54780172128658
2330,,150.98675438593943
2331,,1.0
2332,,157.00318468107582
2333,,150.98675438593943
2334,,294.0
2335,,175.0114281982751
2336,,75.61084578286372
2337,,203.06649157357302
2338,,74.4043009509531
2339,,145.06550244630873
2340,,615.2373525721597
2341,,69.6419413859206
2342,,405.47503005733904
2343,,288.11282512238154
2344,,55.47071299343465
2345,,23.08679276123039
2346,,270.22398117117586
2347,,222.72853431924702
2348,,296.44561052577586
2349,,140.34600101178515
2350,,405.47503005733904
2351,,8.94427190999916
2352,,8.94427190999916
2353,,55.47071299343465
2354,,428.6723690652338
2355,,48.104053883222775
2356,,24.331050121192877
2357,,150.6286825275983
2358,,48.104053883222775
2359,,23.08679276123039
2360,,159.48040632002414
2361,,104.30723848324239
2362,,24.331050121192877
2363,,114.06138698087096
2364,,114.06138698087096
2365,,296.44561052577586
2366,,156.0
2367,,178.05897899291685
2368,,107.00467279516349
2369,,499.3455717236311
2370,,48.54894437575342
2371,,349.12461958446875
2372,,39.408120990476064
2373,,99.62429422585637
2374,,39.408120990476064
2375,,156.0
2376,,264.41255643406953
2377,,56.142675390472796
2378,,123.8789731956154
2379,,56.142675390472796
2380,,48.54894437575342
2381,,99.62429422585637
2382,,405.0049382414985
2383,,100.12492197250393
2384,,73.81734213584231
2385,,361.6365578865057
2386,,227.03523955544875
2387,,69.83552104767315
2388,,227.03523955544875
2389,,405.0049382414985
2390,,107.00467279516349
2391,,433.0011547328713
2392,,154.84508387417407
2393,,238.51624682608102
2394,,264.3274484422683
2395,,206.00970850908945
2396,,107.20074626605917
2397,,277.83628272779634
2398,,264.3274484422683
2399,,164.61470165206995
2400,,81.2219182240853
2401,,39.56008088970496
2402,,164.61470165206995
2403,,217.59825366946308
2404,,673.7714746113849
2405,,50.35871324805669
2406,,154.84508387417407
2407,,87.20091742636656
2408,,87.20091742636656
2409,,50.35871324805669
2410,,39.56008088970496
2411,,291.00171820798585
2412,,238.51624682608102
2413,,343.7920883324688
2414,,105.55093557141026
2415,,183.0109286354233
2416,,60.166435825965294
2417,,107.20074626605917
2418,,275.6700926832652
2419,,30.265491900843113
2420,,242.00206610688264
2421,,93.39164844888434
2422,,877.7300268305739
2423,,122.87391912037315
2424,,229.19205919926634
2425,,43.829214001622255
2426,,247.41867350707383
2427,,93.39164844888434
2428,,216.53637107885595
2429,,7.615773105863909
2430,,168.01488029338353
2431,,194.982050455933
2432,,7.615773105863909
2433,,166.37307474468338
2434,,168.01488029338353
2435,,43.829214001622255
2436,,321.86487848163864
2437,,332.54323027239633
2438,,166.37307474468338
2439,,70.09279563550022
2440,,275.6700926832652
2441,,70.09279563550022
2442,,30.265491900843113
2443,,415.34804682338404
2444,,89.05054744357274
2445,,71.58910531638176
2446,,139.21566003866087
2447,,348.0014367786432
2448,,83.18653737234169
2449,,89.05054744357274
2450,,343.45596515419555
2451,,200.94277792446286
2452,,83.18653737234169
2453,,102.95630140987001
2454,,215.60148422494683
2455,,215.60148422494683
2456,,567.0035273258889
2457,,55.226805085936306
2458,,226.77080940897133
2459,,1064.2227210504388
2460,,102.95630140987001
2461,,139.70325694127536
2462,,259.5630944491146
2463,,125.7179382586272
2464,,150.86417732516887
2465,,139.21566003866087
2466,,278.1797979724624
2467,,212.1508896988179
2468,,622.7238553323616
2469,,55.226805085936306
2470,,212.84031572989173
2471,,200.24235316236172
2472,,44.27188724235731
2473,,90.21086409075129
2474,,44.27188724235731
2475,,339.09438214160963
2476,,27.0
2477,,85.44003745317531
2478,,286.35642126552705
2479,,602.846580814721
2480,,89.9388681271896
2481,,210.35446275275456
2482,,90.21086409075129
2483,,152.8953890737062
2484,,290.38767191463205
2485,,406.6767758306343
2486,,352.36912464062453
2487,,41.036569057366385
2488,,37.8549864614954
2489,,212.84031572989173
2490,,27.0
2491,,85.44003745317531
2492,,125.03199590504823
2493,,41.036569057366385
2494,,114.72575996697516
2495,,286.35642126552705
2496,,32.55764119219941
2497,,186.45374761586316
2498,,66.73080248281148
2499,,151.71684151734772
2500,,182.27451824103116
2501,,132.4009063413087
2502,,121.59358535712317
2503,,115.45128842936315
2504,,91.67878707749138
2505,,66.73080248281148
2506,,162.5945878558078
2507,,151.71684151734772
2508,,117.29023829799307
2509,,856.9813300183382
2510,,32.55764119219941
2511,,85.09406559801923
2512,,314.9936507296615
2513,,144.9206679531943
2514,,115.45128842936315
2515,,182.27451824103116
2516,,314.9936507296615
2517,,162.5945878558078
2518,,85.09406559801923
2519,,91.67878707749138
2520,,213.243991709028
2521,,117.29023829799307
2522,,138.6542462386205
2523,,56.64803615307419
2524,,617.5670004137203
2525,,230.4256930118688
2526,,39.81205847478876
2527,,230.4256930118688
2528,,185.776747737708
2529,,343.144284521832
2530,,83.00602387778854
2531,,112.25862995778988
2532,,54.74486277268398
2533,,56.64803615307419
2534,,23.345235059857504
2535,,39.81205847478876
2536,,298.9314302645341
2537,,112.25862995778988
2538,,738.6643351347078
2539,,23.345235059857504
2540,,334.1870733586205
2541,,54.74486277268398
2542,,307.31254448850603
2543,,780.5767098754612
2544,,41.43669871020132
2545,,41.43669871020132
2546,,498.9308569331025
2547,,138.6542462386205
2548,,132.31024147812596
2549,,291.1631844859511
2550,,360.5731548521049
2551,,12.083045973594572
2552,,188.4489320744482
2553,,88.56635930193812
2554,,119.26860441876563
2555,,580.5282077556611
2556,,127.01181047445942
2557,,12.083045973594572
2558,,159.84054554461454
2559,,28.460498941515414
2560,,168.8342382338369
2561,,28.460498941515414
2562,,159.84054554461454
2563,,111.94641575325224
2564,,228.1074308302998
2565,,345.72243201736273
2566,,154.17522498767434
2567,,168.8342382338369
2568,,979.5453026787479
2569,,127.01181047445942
2570,,154.17522498767434
2571,,119.26860441876563
2572,,160.0124995117569
2573,,88.56635930193812
2574,,184.29595763336752
2575,,385.478922899813
2576,,33.12099032335839
2577,,115.27792503337315
2578,,483.41390133094023
2579,,130.8166656049603
2580,,315.37279527568637
2581,,203.08865059377396
2582,,33.12099032335839
2583,,114.9826073804208
2584,,130.8166656049603
2585,,114.9826073804208
2586,,184.29595763336752
2587,,47.853944456021594
2588,,323.154761685481
2589,,203.08865059377396
2590,,136.23509092741122
2591,,46.861498055439924
2592,,46.861498055439924
2593,,278.09710534272017
2594,,185.88437266214714
2595,,171.2103968805633
2596,,171.2103968805633
2597,,315.37279527568637
2598,,203.9607805437114
2599,,236.3810483097154
2600,,123.8789731956154
2601,,68.0294054067798
2602,,281.298773548695
2603,,190.51771571168914
2604,,102.82509421342633
2605,,144.9413674559475
2606,,422.0
2607,,281.298773548695
2608,,413.73421420037283
2609,,99.74467404327912
2610,,190.51771571168914
2611,,108.6830253535482
2612,,62.16912416947821
2613,,443.4072620063862
2614,,164.01219466856725
2615,,68.0294054067798
2616,,563.9929077568263
2617,,94.30270409696638
2618,,95.01578816175763
2619,,62.16912416947821
2620,,355.44479177503786
2621,,99.74467404327912
2622,,422.0
2623,,149.48578527739687
2624,,84.11896337925236
2625,,214.0864311440592
2626,,138.31124321616085
2627,,15.620499351813308
2628,,575.8003126084598
2629,,173.761330565808
2630,,325.38285142275095
2631,,205.1389772812568
2632,,45.27692569068709
2633,,339.4775397577872
2634,,214.74170531128786
2635,,175.0
2636,,325.38285142275095
2637,,157.13688300332294
2638,,446.3630809105968
2639,,496.4594646091461
2640,,10.04987562112089
2641,,496.4594646091461
2642,,71.40028011149536
2643,,90.60353193998566
2644,,71.40028011149536
2645,,10.04987562112089
2646,,214.74170531128786
2647,,205.1389772812568
2648,,218.96118377465902
2649,,544.0
2650,,15.620499351813308
2651,,138.31124321616085
2652,,31.78049716414141
2653,,217.34994824015948
2654,,19.697715603592208
2655,,428.26627231198114
2656,,222.62299971027252
2657,,112.29425630903836
2658,,379.69593097635374
2659,,88.3911760301898
2660,,126.24579200908045
2661,,206.31286920597077
2662,,12.649110640673518
2663,,31.78049716414141
2664,,222.62299971027252
2665,,76.00657866263946
2666,,163.8932579455299
2667,,12.649110640673518
2668,,112.29425630903836
2669,,198.90952717253137
2670,,19.697715603592208
2671,,627.3962065553154
2672,,76.00657866263946
2673,,327.4522866006588
2674,,126.24579200908045
2675,,88.3911760301898
2676,,86.28441342444185
2677,,322.4717041850339
2678,,12.649110640673518
2679,,131.13733259449805
2680,,204.0245083317198
2681,,171.40595088852663
2682,,68.0294054067798
2683,,49.39635614091387
2684,,5.385164807134504
2685,,36.89173349139343
2686,,87.13208364316786
2687,,12.649110640673518
2688,,486.2149730314771
2689,,5.385164807134504
2690,,560.1606912306504
2691,,462.83150281716996
2692,,84.17244204607586
2693,,462.83150281716996
2694,,33.0
2695,,62.6418390534633
2696,,33.0
2697,,131.13733259449805
2698,,545.0807279660509
2699,,49.39635614091387
2700,,62.6418390534633
2701,,36.89173349139343
2702,,863.42631416931
2703,,61.84658438426491
2704,,26.0
2705,,635.5171122794413
2706,,65.27633568147036
2707,,211.11608181282637
2708,,174.0
2709,,590.7300567941334
2710,,26.248809496813376
2711,,788.2867498569286
2712,,31.400636936215164
2713,,169.04733065032408
2714,,35.805027579936315
2715,,26.248809496813376
2716,,26.0
2717,,154.50566332662373
2718,,259.3260495977988
2719,,256.0703028466987
2720,,76.96752561957543
2721,,910.7299270365502
2722,,65.27633568147036
2723,,211.11608181282637
2724,,137.35355838128112
2725,,43.01162633521314
2726,,174.0
2727,,254.01771591761076
2728,,523.8091255409742
2729,,421.99763032510026
2730,,63.0317380372777
2731,,274.20430339438514
2732,,156.92354826475216
2733,,40.45985664828782
2734,,106.88779163215975
2735,,94.93682109698007
2736,,63.56099432828282
2737,,143.22011031974526
2738,,32.01562118716424
2739,,94.93682109698007
2740,,189.02909828912584
2741,,32.01562118716424
2742,,399.8899848708392
2743,,404.80242094137725
2744,,87.78382538941898
2745,,13.601470508735444
2746,,40.45985664828782
2747,,322.46085033690525
2748,,111.01801655587259
2749,,57.428216061444914
2750,,15.0
2751,,15.0
2752,,13.601470508735444
2753,,110.3177229641729
2754,,66.03029607687671
2755,,189.02909828912584
2756,,67.20863039818622
2757,,224.37691503361035
2758,,67.20863039818622
2759,,44.0
2760,,567.0141091718971
2761,,176.24131184259835
2762,,45.09988913511872
2763,,68.70953354520753
2764,,58.215118311311535
2765,,176.24131184259835
2766,,110.07270324653611
2767,,324.01388859121454
2768,,354.5193929815406
2769,,48.0
2770,,307.4166553718259
2771,,307.4166553718259
2772,,48.0
2773,,63.00793600809346
2774,,217.88299612406655
2775,,68.70953354520753
2776,,178.84350701101786
2777,,217.88299612406655
2778,,14.317821063276353
2779,,14.317821063276353
2780,,63.00793600809346
2781,,45.09988913511872
2782,,57.706152185014034
2783,,212.13674834879504
2784,,183.88311504866346
2785,,129.1239714383042
2786,,7.280109889280518
2787,,57.706152185014034
2788,,459.0043572777932
2789,,431.78351056982245
2790,,70.66116330771806
2791,,212.3982109152523
2792,,92.69843580125827
2793,,37.69615364994153
2794,,58.008620049092706
2795,,105.84894897919393
2796,,58.008620049092706
2797,,287.80027797067885
2798,,376.4797471312368
2799,,70.66116330771806
2800,,253.4758371127315
2801,,37.69615364994153
2802,,129.1239714383042
2803,,395.1404813480897
2804,,7.280109889280518
2805,,212.13674834879504
2806,,253.4758371127315
2807,,212.3982109152523
2808,,314.67125702866474
2809,,39.293765408777
2810,,134.6291201783626
2811,,215.58524995926786
2812,,314.67125702866474
2813,,188.80677953929515
2814,,26.248809496813376
2815,,90.13878188659973
2816,,1098.8612287272674
2817,,230.8354392202376
2818,,41.10960958218893
2819,,47.12748667179272
2820,,216.9539121564762
2821,,339.68956416116174
2822,,43.657759905886145
2823,,39.293765408777
2824,,90.13878188659973
2825,,249.13048789740688
2826,,133.06013678032951
2827,,26.248809496813376
2828,,230.36058690670154
2829,,512.5397545556832
2830,,214.70444802099468
2831,,134.6291201783626
2832,,216.9539121564762
2833,,215.58524995926786
2834,,11.704699910719626
2835,,86.95401083331349
2836,,100.71742649611338
2837,,127.1927670899568
2838,,140.356688476182
2839,,367.29416004069543
2840,,34.0147027033899
2841,,82.00609733428362
2842,,11.704699910719626
2843,,135.09256086106296
2844,,58.82176467941097
2845,,82.97590011563598
2846,,100.71742649611338
2847,,434.05644794196985
2848,,82.97590011563598
2849,,954.6936681470136
2850,,69.3757882838098
2851,,171.10523077919038
2852,,86.95401083331349
2853,,581.2486559124245
2854,,34.0147027033899
2855,,493.69018625044595
2856,,88.23831367382311
2857,,69.3757882838098
2858,,140.356688476182
2859,,110.44002897500525
2860,,209.02152999152983
2861,,209.03827400741713
2862,,109.00458705944443
2863,,196.69773765857096
2864,,134.46189051177288
2865,,159.47727110782904
2866,,159.47727110782904
2867,,19.1049731745428
2868,,61.032778078668514
2869,,353.5944004081513
2870,,261.16852796613915
2871,,209.03827400741713
2872,,68.8839603971781
2873,,14.7648230602334
2874,,134.46189051177288
2875,,19.1049731745428
2876,,324.18667461818967
2877,,324.18667461818967
2878,,542.2195127436858
2879,,68.8839603971781
2880,,109.00458705944443
2881,,14.7648230602334
2882,,61.032778078668514
2883,,188.74321179846442
2884,,215.93517545782115
2885,,196.69773765857096
2886,,62.609903369994115
2887,,52.478567053607705
2888,,388.57689071791185
2889,,79.81227975693966
2890,,236.29219199965115
2891,,388.57689071791185
2892,,279.7320146139873
2893,,79.51100552753688
2894,,79.81227975693966
2895,,193.68531178176625
2896,,176.9773996870787
2897,,74.30343195303969
2898,,52.478567053607705
2899,,159.70284906663375
2900,,159.70284906663375
2901,,105.89145385724005
2902,,74.30343195303969
2903,,424.6998940428406
2904,,442.8780870623427
2905,,79.51100552753688
2906,,197.1623696347759
2907,,854.801146466241
2908,,128.06248474865697
2909,,202.7856010667424
2910,,105.89145385724005
2911,,286.81875810344064
2912,,145.8800877433243
2913,,232.71012010653942
2914,,53.36665625650534
2915,,103.81714694596457
2916,,198.72594194015034
2917,,355.0507006048573
2918,,145.8800877433243
2919,,173.21951391226105
2920,,72.2357252334328
2921,,103.81714694596457
2922,,8.06225774829855
2923,,108.00462953040486
2924,,220.33610689126738
2925,,163.52675622050356
2926,,52.92447448959697
2927,,108.00462953040486
2928,,638.192760848946
2929,,432.83368630456664
2930,,114.47707194019246
2931,,52.92447448959697
2932,,114.47707194019246
2933,,355.0507006048573
2934,,129.87686476043376
2935,,416.42766478705516
2936,,72.2357252334328
2937,,8.06225774829855
2938,,63.150613615387776
2939,,58.249463516842795
2940,,130.080744155313
2941,,33.015148038438355
2942,,63.150613615387776
2943,,12.727922061357855
2944,,198.4363877921587
2945,,455.05713926934493
2946,,58.249463516842795
2947,,530.0650903426862
2948,,149.27156460625713
2949,,153.44705927452634
2950,,37.107950630558946
2951,,12.727922061357855
2952,,33.015148038438355
2953,,85.0
2954,,611.0327323474578
2955,,114.0701538527936
2956,,186.45374761586316
2957,,710.8980236292686
2958,,149.27156460625713
2959,,173.87639287723908
2960,,143.96180048887967
2961,,130.080744155313
2962,,37.107950630558946
2963,,153.44705927452634
2964,,425.8368232081392
2965,,185.17289218457435
2966,,155.21919984331836
2967,,296.9663280575763
2968,,342.24260401066374
2969,,286.02447447727263
2970,,160.3527361787132
2971,,160.3527361787132
2972,,185.17289218457435
2973,,198.92712233378333
2974,,13.601470508735444
2975,,282.8798331447472
2976,,357.359762704197
2977,,26.92582403567252
2978,,181.13530854032848
2979,,13.0
2980,,425.8368232081392
2981,,45.803929962395145
2982,,45.803929962395145
2983,,26.92582403567252
2984,,13.0
2985,,13.601470508735444
2986,,72.44998274671983
2987,,66.2872536767062
2988,,155.21919984331836
2989,,237.35627229968034
2990,,54.78138369920935
2991,,524.6227215819002
2992,,60.728905802755904
2993,,18.35755975068582
2994,,82.13403679352427
2995,,54.78138369920935
2996,,178.1796845883391
2997,,133.63382805263043
2998,,18.35755975068582
2999,,701.1675976540844
3000,,60.728905802755904
3001,,227.50164834567684
3002,,166.68833192518306
3003,,168.34488409215172
3004,,112.92475370794483
3005,,69.92138442565336
3006,,69.92138442565336
3007,,67.11929677819934
3008,,67.11929677819934
3009,,63.15853069855251
3010,,241.6298822579691
3011,,63.15853069855251
3012,,178.1796845883391
3013,,176.4652940382329
3014,,82.13403679352427
3015,,128.1288414058287
3016,,232.42202993692314
3017,,14.035668847618199
3018,,181.20706387997132
3019,,318.7804887379402
3020,,160.1624175641714
3021,,158.06960492137634
3022,,118.71394189394942
3023,,283.91724146307143
3024,,130.17296186228538
3025,,118.71394189394942
3026,,39.395431207184416
3027,,73.87827826905551
3028,,158.06960492137634
3029,,283.91724146307143
3030,,40.718546143004666
3031,,40.718546143004666
3032,,39.395431207184416
3033,,724.3604075320517
3034,,101.84301645179212
3035,,205.8275977608445
3036,,389.85253622363416
3037,,222.60727750906977
3038,,205.8275977608445
3039,,569.4295391003175
3040,,14.035668847618199
3041,,109.77249200050075
3042,,398.72296146572745
3043,,80.32434251209281
3044,,199.090431713832
3045,,80.32434251209281
3046,,211.6317556511782
3047,,97.26767191621273
3048,,433.280509600882
3049,,136.1800279042415
3050,,290.26367323521555
3051,,202.20039564748632
3052,,69.46221994724903
3053,,251.03187048659777
3054,,251.03187048659777
3055,,395.80045477487766
3056,,202.20039564748632
3057,,345.72243201736273
3058,,471.79338698205595
3059,,86.09297300012354
3060,,318.9545422156581
3061,,136.1800279042415
3062,,451.3501966322824
3063,,69.46221994724903
3064,,471.79338698205595
3065,,110.67971810589327
3066,,97.26767191621273
3067,,116.06894502837527
3068,,123.03251602726817
3069,,279.48524111301475
3070,,20.615528128088304
3071,,319.7655391063896
3072,,159.3047394147456
3073,,92.76313923105448
3074,,272.90474528670256
3075,,92.76313923105448
3076,,375.7552394844282
3077,,93.43446901438462
3078,,93.43446901438462
3079,,259.15632348063593
3080,,184.76471524617463
3081,,279.48524111301475
3082,,384.2004685057008
3083,,122.03687967167957
3084,,85.0411665018772
3085,,103.1746092796091
3086,,93.00537618869137
3087,,77.83315488916018
3088,,360.25130117738644
3089,,103.1746092796091
3090,,272.90474528670256
3091,,20.615528128088304
3092,,77.83315488916018
3093,,101.71037311896953
3094,,73.68174807915459
3095,,69.35416353759881
3096,,337.0014836762592
3097,,349.26207924708916
3098,,282.5261049885479
3099,,69.35416353759881
3100,,448.1573384426501
3101,,15.297058540778355
3102,,68.96375859826666
3103,,103.24727599312246
3104,,596.0536888569686
3105,,119.36498649101419
3106,,395.47945585074325
3107,,11.40175425099138
3108,,10.816653826391969
3109,,10.816653826391969
3110,,11.40175425099138
3111,,137.87675656179326
3112,,15.297058540778355
3113,,282.5261049885479
3114,,73.68174807915459
3115,,64.03124237432849
3116,,135.72398461583714
3117,,296.69681494751507
3118,,111.19802156513397
3119,,181.02486017119307
